date,quarter,team,smv,over_time,incentive,no_of_workers,actual_productivity,targeted_productivity
2015-01-01,Quarter1,8,26.16,2.0,1.6610169491525424,59.0,0.940725424,0.8
2015-01-01,Quarter1,11,11.41,2.0,1.639344262295082,30.5,0.800570492,0.8
2015-01-01,Quarter1,12,11.41,2.0,1.639344262295082,30.5,0.800570492,0.8
2015-01-01,Quarter1,6,25.9,0.5714285714285714,0.8928571428571429,56.0,0.800381944,0.8
2015-01-01,Quarter1,7,25.9,2.0,0.6785714285714286,56.0,0.800125,0.8
2015-01-01,Quarter1,3,28.08,2.0,0.782608695652174,57.5,0.753683478,0.75
2015-01-01,Quarter1,2,19.87,1.8181818181818181,0.6181818181818182,55.0,0.753097531,0.75
2015-01-01,Quarter1,1,28.08,2.0,0.782608695652174,57.5,0.750427826,0.75
2015-01-01,Quarter1,9,28.08,2.0,0.7652173913043478,57.5,0.721126957,0.7
2015-01-01,Quarter1,10,19.31,2.0,0.8333333333333334,54.0,0.712205247,0.75
2015-01-01,Quarter1,5,11.41,2.0,1.639344262295082,30.5,0.707045902,0.8
2015-01-01,Quarter1,4,23.69,2.0,0.0,60.0,0.52118,0.65
2015-01-03,Quarter1,1,28.08,1.8584070796460177,0.8849557522123894,56.5,0.800725314,0.8
2015-01-03,Quarter1,3,28.08,2.0,0.9174311926605505,54.5,0.800322936,0.8
2015-01-03,Quarter1,8,26.16,2.0,0.847457627118644,59.0,0.800318644,0.8
2015-01-03,Quarter1,12,26.16,2.0,1.0677966101694916,59.0,0.800318644,0.8
2015-01-03,Quarter1,11,11.61,4.0,1.694915254237288,29.5,0.800237288,0.8
2015-01-03,Quarter1,5,11.61,3.746031746031746,1.5873015873015872,31.5,0.800148649,0.8
2015-01-03,Quarter1,6,25.9,2.0,0.8928571428571429,56.0,0.800125,0.8
2015-01-03,Quarter1,7,25.9,2.0,0.6785714285714286,56.0,0.800125,0.8
2015-01-03,Quarter1,10,19.31,2.0,1.037037037037037,54.0,0.787299691,0.75
2015-01-03,Quarter1,2,19.87,2.0,0.8181818181818182,55.0,0.75024303,0.75
2015-01-03,Quarter1,4,23.69,3.8333333333333335,0.0,60.0,0.700134038,0.7
2015-01-03,Quarter1,9,28.08,2.0,0.6956521739130435,57.5,0.699965217,0.7
2015-01-04,Quarter1,6,11.61,3.75,1.6129032258064515,31.0,0.879714482,0.8
2015-01-04,Quarter1,9,26.16,2.0,1.0169491525423728,59.0,0.850569492,0.8
2015-01-04,Quarter1,7,25.9,2.0707964601769913,1.0619469026548674,56.5,0.850436438,0.8
2015-01-04,Quarter1,8,25.9,2.0,0.7964601769911505,56.5,0.850345133,0.8
2015-01-04,Quarter1,4,28.08,1.2792792792792793,0.9009009009009009,55.5,0.800598058,0.8
2015-01-04,Quarter1,1,26.16,2.0,1.0677966101694916,59.0,0.800318644,0.8
2015-01-04,Quarter1,2,28.08,2.0,0.9009009009009009,55.5,0.800237838,0.8
2015-01-04,Quarter1,12,11.61,3.75,1.6129032258064515,31.0,0.800030199,0.8
2015-01-04,Quarter1,11,19.31,2.0,0.8333333333333334,54.0,0.750348457,0.75
2015-01-04,Quarter1,3,19.87,2.0,0.8181818181818182,55.0,0.75024303,0.75
2015-01-04,Quarter1,10,28.08,2.0,0.6956521739130435,57.5,0.699965217,0.7
2015-01-04,Quarter1,5,45.67,2.0,0.4482758620689655,58.0,0.603432184,0.7
2015-01-05,Quarter1,9,26.16,2.0,1.271186440677966,59.0,0.850569492,0.8
2015-01-05,Quarter1,7,25.9,2.0,0.8849557522123894,56.5,0.800684366,0.8
2015-01-05,Quarter1,8,25.9,2.0,0.672566371681416,56.5,0.800684366,0.8
2015-01-05,Quarter1,1,26.16,2.0,1.0677966101694916,59.0,0.800318644,0.8
2015-01-05,Quarter1,11,19.31,1.4545454545454546,0.9090909090909091,55.0,0.800250962,0.8
2015-01-05,Quarter1,6,11.61,3.75,1.5625,32.0,0.800246011,0.8
2015-01-05,Quarter1,12,11.61,3.75,1.5625,32.0,0.800246011,0.8
2015-01-05,Quarter1,2,28.08,2.0,0.8695652173913043,57.5,0.800076522,0.8
2015-01-05,Quarter1,4,28.08,2.0,0.8695652173913043,57.5,0.800076522,0.8
2015-01-05,Quarter1,10,28.08,2.0,0.7692307692307693,58.5,0.7504,0.75
2015-01-05,Quarter1,3,19.87,2.0,0.8181818181818182,55.0,0.75024303,0.75
2015-01-05,Quarter1,5,21.98,2.0,0.39655172413793105,58.0,0.600028736,0.6
2015-01-06,Quarter1,1,26.16,3.0,1.271186440677966,59.0,0.850502311,0.8
2015-01-06,Quarter1,9,26.16,3.0,1.271186440677966,59.0,0.850502311,0.8
2015-01-06,Quarter1,2,28.08,3.0,0.8695652173913043,57.5,0.800594466,0.8
2015-01-06,Quarter1,4,28.08,3.0,0.8695652173913043,57.5,0.800594466,0.8
2015-01-06,Quarter1,3,19.87,3.0,0.9090909090909091,55.0,0.800273829,0.8
2015-01-06,Quarter1,12,11.61,2.8095238095238093,1.5873015873015872,31.5,0.800140969,0.8
2015-01-06,Quarter1,7,25.9,3.0,0.672566371681416,56.5,0.800128721,0.8
2015-01-06,Quarter1,8,25.9,3.0,0.672566371681416,56.5,0.800128721,0.8
2015-01-06,Quarter1,6,11.61,2.365079365079365,1.2063492063492063,31.5,0.80007657,0.8
2015-01-06,Quarter1,10,28.08,3.0,0.7692307692307693,58.5,0.750545455,0.75
2015-01-06,Quarter1,11,19.31,3.0,0.8181818181818182,55.0,0.750057851,0.75
2015-01-06,Quarter1,5,21.98,3.0,0.603448275862069,58.0,0.649983281,0.65
2015-01-07,Quarter1,1,26.16,3.0,1.271186440677966,59.0,0.850502311,0.8
2015-01-07,Quarter1,9,26.16,3.0,1.271186440677966,59.0,0.850502311,0.8
2015-01-07,Quarter1,8,25.9,3.0,1.0619469026548674,56.5,0.850136766,0.8
2015-01-07,Quarter1,2,28.08,3.0,1.0956521739130434,57.5,0.800594466,0.8
2015-01-07,Quarter1,4,28.08,3.0,0.8695652173913043,57.5,0.800594466,0.8
2015-01-07,Quarter1,6,11.41,3.0,1.639344262295082,30.5,0.800343766,0.8
2015-01-07,Quarter1,3,19.87,3.0,0.9090909090909091,55.0,0.800273829,0.8
2015-01-07,Quarter1,12,11.61,3.0,1.5873015873015872,31.5,0.800246753,0.8
2015-01-07,Quarter1,7,25.9,3.0,0.8849557522123894,56.5,0.800128721,0.8
2015-01-07,Quarter1,10,28.08,3.0,1.1794871794871795,58.5,0.8,0.75
2015-01-07,Quarter1,5,21.98,2.793103448275862,0.6896551724137931,58.0,0.700480831,0.7
2015-01-07,Quarter1,11,31.83,3.0,0.7272727272727273,55.0,0.412119835,0.8
2015-01-08,Quarter2,9,26.16,3.0,1.4915254237288136,59.0,0.900215716,0.8
2015-01-08,Quarter2,1,26.16,3.0,1.271186440677966,59.0,0.850502311,0.8
2015-01-08,Quarter2,4,28.08,3.0,1.2820512820512822,58.5,0.850181818,0.8
2015-01-08,Quarter2,7,25.9,3.0,1.0619469026548674,56.5,0.850136766,0.8
2015-01-08,Quarter2,8,25.9,3.0,1.0619469026548674,56.5,0.850136766,0.8
2015-01-08,Quarter2,2,28.08,2.8632478632478633,1.0769230769230769,58.5,0.800497246,0.8
2015-01-08,Quarter2,3,19.87,3.0,0.9090909090909091,55.0,0.800273829,0.8
2015-01-08,Quarter2,12,11.61,8.0,2.0,31.5,0.800107143,0.8
2015-01-08,Quarter2,6,11.41,8.0,1.639344262295082,30.5,0.800024932,0.8
2015-01-08,Quarter2,10,28.08,3.0,1.1794871794871795,58.5,0.8,0.75
2015-01-08,Quarter2,11,12.52,8.0,0.7037037037037037,54.0,0.349951389,0.35
2015-01-08,Quarter2,5,42.41,3.0,0.0,57.0,0.233705476,0.7
2015-01-10,Quarter2,9,26.16,3.0,1.271186440677966,59.0,0.851174114,0.8
2015-01-10,Quarter2,7,25.9,3.0,1.0619469026548674,56.5,0.850136766,0.8
2015-01-10,Quarter2,8,25.9,3.0,1.0619469026548674,56.5,0.850136766,0.8
2015-01-10,Quarter2,4,28.08,3.0,1.0862068965517242,58.0,0.801028213,0.8
2015-01-10,Quarter2,2,28.08,3.0,1.0956521739130434,57.5,0.800594466,0.8
2015-01-10,Quarter2,12,11.61,2.492063492063492,1.5873015873015872,31.5,0.800346445,0.8
2015-01-10,Quarter2,6,11.41,3.0,1.639344262295082,30.5,0.800343766,0.8
2015-01-10,Quarter2,1,26.16,3.0,1.0677966101694916,59.0,0.800117103,0.8
2015-01-10,Quarter2,10,28.08,3.0,1.0769230769230769,58.5,0.8,0.8
2015-01-10,Quarter2,3,19.87,2.107142857142857,0.8035714285714286,56.0,0.750098351,0.75
2015-01-10,Quarter2,11,12.52,3.0,0.7169811320754716,53.0,0.673245283,0.5
2015-01-10,Quarter2,5,20.79,2.2857142857142856,0.0,56.0,0.388007813,0.5
2015-01-11,Quarter2,9,26.16,3.0,1.4915254237288136,59.0,0.900215716,0.8
2015-01-11,Quarter2,1,26.16,3.0,1.271186440677966,59.0,0.850502311,0.8
2015-01-11,Quarter2,7,25.9,3.0,0.7964601769911505,56.5,0.850136766,0.8
2015-01-11,Quarter2,8,25.9,3.0,1.0619469026548674,56.5,0.850136766,0.8
2015-01-11,Quarter2,6,11.41,3.0,1.639344262295082,30.5,0.800343766,0.8
2015-01-11,Quarter2,12,11.61,3.0,1.5873015873015872,31.5,0.800246753,0.8
2015-01-11,Quarter2,2,28.08,3.0,1.0769230769230769,58.5,0.8,0.8
2015-01-11,Quarter2,10,28.08,3.0,0.6495726495726496,58.5,0.8,0.8
2015-01-11,Quarter2,3,19.87,1.9454545454545455,0.0,55.0,0.690182815,0.8
2015-01-11,Quarter2,11,12.52,3.0,0.5660377358490566,53.0,0.600229846,0.6
2015-01-11,Quarter2,4,50.48,3.0,0.0,58.0,0.473134796,0.8
2015-01-11,Quarter2,5,20.79,2.3333333333333335,0.0,57.0,0.452979626,0.6
2015-01-12,Quarter2,1,26.16,2.3220338983050848,1.271186440677966,59.0,0.850522167,0.8
2015-01-12,Quarter2,9,26.16,3.0,1.271186440677966,59.0,0.850502311,0.8
2015-01-12,Quarter2,7,25.9,3.0,1.0619469026548674,56.5,0.850136766,0.8
2015-01-12,Quarter2,8,25.9,3.0,1.0619469026548674,56.5,0.850136766,0.8
2015-01-12,Quarter2,3,19.87,3.0,0.0,55.0,0.800273829,0.8
2015-01-12,Quarter2,6,11.41,3.0,1.5873015873015872,31.5,0.800181818,0.8
2015-01-12,Quarter2,12,11.61,2.365079365079365,1.5873015873015872,31.5,0.80007657,0.8
2015-01-12,Quarter2,2,28.08,3.0,1.0769230769230769,58.5,0.8,0.8
2015-01-12,Quarter2,10,50.48,1.9743589743589745,0.7692307692307693,58.5,0.688557555,0.8
2015-01-12,Quarter2,5,20.79,2.389830508474576,0.0,59.0,0.650040783,0.65
2015-01-12,Quarter2,11,12.52,3.0,0.8301886792452831,53.0,0.64998056,0.65
2015-01-12,Quarter2,4,22.4,2.378640776699029,0.0,51.5,0.35063299,0.35
2015-01-13,Quarter2,1,26.16,3.0,1.271186440677966,59.0,0.850502311,0.8
2015-01-13,Quarter2,9,26.16,3.0,1.271186440677966,59.0,0.850502311,0.8
2015-01-13,Quarter2,8,25.9,3.0,1.0526315789473684,57.0,0.850252525,0.8
2015-01-13,Quarter2,7,25.9,3.0,1.0619469026548674,56.5,0.850136766,0.8
2015-01-13,Quarter2,6,11.61,3.0,1.5873015873015872,31.5,0.800246753,0.8
2015-01-13,Quarter2,12,11.61,3.0,1.5873015873015872,31.5,0.800246753,0.8
2015-01-13,Quarter2,2,28.08,3.0,0.8547008547008547,58.5,0.8,0.8
2015-01-13,Quarter2,3,42.27,3.0,0.9818181818181818,55.0,0.705576584,0.8
2015-01-13,Quarter2,11,27.13,3.0,0.6981132075471698,53.0,0.582301029,0.7
2015-01-13,Quarter2,5,20.79,3.0,0.0,58.0,0.526810345,0.7
2015-01-13,Quarter2,4,22.4,3.0,0.40707964601769914,56.5,0.500380799,0.5
2015-01-13,Quarter2,10,22.4,3.0,0.40707964601769914,56.5,0.35020649,0.35
2015-01-14,Quarter2,7,25.9,3.0,1.238938053097345,56.5,0.900144811,0.8
2015-01-14,Quarter2,9,26.16,3.0,1.271186440677966,59.0,0.850502311,0.8
2015-01-14,Quarter2,8,25.9,3.0,1.0619469026548674,56.5,0.850136766,0.8
2015-01-14,Quarter2,12,11.61,1.5714285714285714,1.5873015873015872,31.5,0.800313433,0.8
2015-01-14,Quarter2,6,11.61,3.0,1.2063492063492063,31.5,0.800246753,0.8
2015-01-14,Quarter2,1,26.16,3.0,1.0677966101694916,59.0,0.800117103,0.8
2015-01-14,Quarter2,5,20.79,2.103448275862069,0.0,58.0,0.700095563,0.7
2015-01-14,Quarter2,4,22.4,1.4912280701754386,0.40350877192982454,57.0,0.600369686,0.6
2015-01-14,Quarter2,10,22.4,1.0,0.40707964601769914,56.5,0.499980334,0.5
2015-01-14,Quarter2,11,14.61,2.1818181818181817,0.41818181818181815,55.0,0.35003125,0.35
2015-01-14,Quarter2,2,51.02,1.2456140350877194,0.47368421052631576,57.0,0.311207464,0.8
2015-01-15,Quarter3,1,26.16,3.0,1.271186440677966,59.0,0.850502311,0.8
2015-01-15,Quarter3,8,25.9,2.646017699115044,1.0619469026548674,56.5,0.850415628,0.8
2015-01-15,Quarter3,7,25.9,3.0,1.0619469026548674,56.5,0.850136766,0.8
2015-01-15,Quarter3,9,26.16,3.0,1.0677966101694916,59.0,0.800117103,0.8
2015-01-15,Quarter3,6,11.61,2.619047619047619,1.2063492063492063,31.5,0.80003139,0.8
2015-01-15,Quarter3,12,11.61,2.619047619047619,1.5873015873015872,31.5,0.80003139,0.8
2015-01-15,Quarter3,5,20.79,3.0,0.0,58.0,0.700060345,0.7
2015-01-15,Quarter3,3,22.52,3.0,0.5309734513274337,56.5,0.660683293,0.5
2015-01-15,Quarter3,4,22.52,3.0,0.4642857142857143,56.0,0.650130952,0.65
2015-01-15,Quarter3,10,22.52,3.0,0.40707964601769914,56.5,0.600291767,0.6
2015-01-15,Quarter3,11,14.89,3.0,0.5454545454545454,55.0,0.500025069,0.5
2015-01-15,Quarter3,2,22.94,3.0,0.42201834862385323,54.5,0.499998888,0.5
2015-01-17,Quarter3,6,11.41,3.0,2.0655737704918034,30.5,0.800343766,0.8
2015-01-17,Quarter3,12,11.61,3.0,2.0,31.5,0.800246753,0.8
2015-01-17,Quarter3,7,25.9,3.0,0.8849557522123894,56.5,0.800128721,0.8
2015-01-17,Quarter3,8,25.9,3.0,0.8849557522123894,56.5,0.800128721,0.8
2015-01-17,Quarter3,1,48.68,3.0,1.0677966101694916,59.0,0.800117103,0.8
2015-01-17,Quarter3,9,26.16,3.0,1.0677966101694916,59.0,0.800117103,0.8
2015-01-17,Quarter3,2,22.94,1.9380530973451326,0.40707964601769914,56.5,0.77011398,0.6
2015-01-17,Quarter3,4,22.52,3.0,0.8849557522123894,56.5,0.7005417,0.7
2015-01-17,Quarter3,10,22.52,3.0,0.6481481481481481,54.0,0.650198653,0.65
2015-01-17,Quarter3,3,22.52,3.0,0.5309734513274337,56.5,0.600291767,0.6
2015-01-17,Quarter3,11,14.89,3.0,0.6785714285714286,56.0,0.600273268,0.6
2015-01-17,Quarter3,5,41.19,3.0,0.3620689655172414,58.0,0.452012539,0.7
2015-01-18,Quarter3,6,11.41,3.0,2.0655737704918034,30.5,0.800343766,0.8
2015-01-18,Quarter3,7,48.84,3.0,0.8849557522123894,56.5,0.800128721,0.8
2015-01-18,Quarter3,8,25.9,3.0,0.672566371681416,56.5,0.800128721,0.8
2015-01-18,Quarter3,9,26.16,1.0338983050847457,0.847457627118644,59.0,0.800015009,0.8
2015-01-18,Quarter3,4,22.52,3.0,0.8849557522123894,56.5,0.7005417,0.7
2015-01-18,Quarter3,10,22.52,3.0,0.7142857142857143,56.0,0.700094156,0.7
2015-01-18,Quarter3,12,26.87,3.0,1.7777777777777777,31.5,0.662255892,0.8
2015-01-18,Quarter3,3,22.52,3.0,0.6194690265486725,56.5,0.650416734,0.65
2015-01-18,Quarter3,11,14.89,3.0,0.7719298245614035,57.0,0.650299575,0.65
2015-01-18,Quarter3,2,22.94,3.0,0.46017699115044247,56.5,0.650243497,0.65
2015-01-18,Quarter3,5,20.4,3.0,0.5172413793103449,58.0,0.600062696,0.6
2015-01-18,Quarter3,1,49.1,3.0,0.41739130434782606,57.5,0.403242161,0.8
2015-01-19,Quarter3,6,11.41,2.3548387096774195,1.6129032258064515,31.0,0.800358775,0.8
2015-01-19,Quarter3,8,25.9,1.0707964601769913,0.8849557522123894,56.5,0.800162602,0.8
2015-01-19,Quarter3,9,26.16,3.0,1.0677966101694916,59.0,0.800117103,0.8
2015-01-19,Quarter3,2,22.94,3.0,0.672566371681416,56.5,0.750517565,0.7
2015-01-19,Quarter3,4,22.52,3.0,1.105263157894737,57.0,0.750068049,0.7
2015-01-19,Quarter3,3,22.52,3.0,0.8849557522123894,56.5,0.750062751,0.7
2015-01-19,Quarter3,10,22.52,3.0,1.125,56.0,0.750057359,0.7
2015-01-19,Quarter3,11,14.89,3.0,0.8771929824561403,57.0,0.700170388,0.7
2015-01-19,Quarter3,5,20.4,2.3793103448275863,0.603448275862069,58.0,0.650066445,0.65
2015-01-19,Quarter3,7,48.84,3.0,0.5263157894736842,57.0,0.576460393,0.8
2015-01-19,Quarter3,1,22.94,3.0,0.5309734513274337,56.5,0.549969429,0.5
2015-01-19,Quarter3,12,15.26,3.0,0.6764705882352942,34.0,0.35021836,0.35
2015-01-20,Quarter3,6,11.41,3.0,2.032258064516129,31.0,0.800261486,0.8
2015-01-20,Quarter3,8,25.9,3.0,0.8849557522123894,56.5,0.800128721,0.8
2015-01-20,Quarter3,9,26.16,3.0,1.0677966101694916,59.0,0.800117103,0.8
2015-01-20,Quarter3,4,22.52,3.0,1.105263157894737,57.0,0.750068049,0.7
2015-01-20,Quarter3,10,22.52,3.0,1.125,56.0,0.750057359,0.7
2015-01-20,Quarter3,3,22.52,2.473684210526316,0.8771929824561403,57.0,0.750037968,0.7
2015-01-20,Quarter3,2,22.94,3.0,0.8771929824561403,57.0,0.750031898,0.7
2015-01-20,Quarter3,11,14.89,3.0,0.8771929824561403,57.0,0.700170388,0.7
2015-01-20,Quarter3,5,20.4,3.0,0.8771929824561403,57.0,0.700063796,0.7
2015-01-20,Quarter3,12,15.26,1.8235294117647058,0.6764705882352942,34.0,0.500290419,0.5
2015-01-20,Quarter3,7,22.94,3.0,0.5357142857142857,56.0,0.400332792,0.35
2015-01-21,Quarter3,4,22.52,3.0,1.6785714285714286,56.0,0.900556277,0.75
2015-01-21,Quarter3,6,11.61,1.0786516853932584,0.8426966292134831,89.0,0.850410511,0.8
2015-01-21,Quarter3,8,25.9,2.2035398230088497,0.672566371681416,56.5,0.800436542,0.8
2015-01-21,Quarter3,2,22.94,3.0701754385964914,1.0526315789473684,57.0,0.800415742,0.7
2015-01-21,Quarter3,10,22.52,3.0,1.3392857142857142,56.0,0.800020563,0.7
2015-01-21,Quarter3,5,20.4,3.0,0.8620689655172413,58.0,0.750344828,0.7
2015-01-21,Quarter3,3,22.52,3.0,1.105263157894737,57.0,0.750068049,0.7
2015-01-21,Quarter3,11,14.89,3.0,0.8771929824561403,57.0,0.700170388,0.7
2015-01-21,Quarter3,1,22.94,3.0,0.5964912280701754,57.0,0.700029771,0.65
2015-01-21,Quarter3,12,15.26,3.1176470588235294,0.6764705882352942,34.0,0.60017284,0.6
2015-01-21,Quarter3,9,54.56,1.1896551724137931,0.5,58.0,0.520237649,0.8
2015-01-21,Quarter3,7,22.52,3.0,0.4107142857142857,56.0,0.500241342,0.5
2015-01-22,Quarter4,4,22.52,3.0,1.4464285714285714,56.0,0.849983766,0.75
2015-01-22,Quarter4,2,22.94,3.1052631578947367,1.0526315789473684,57.0,0.800302791,0.7
2015-01-22,Quarter4,6,11.61,3.3125,1.96875,32.0,0.800191989,0.8
2015-01-22,Quarter4,10,22.52,3.0,0.9821428571428571,56.0,0.800020563,0.75
2015-01-22,Quarter4,1,22.94,3.56140350877193,1.105263157894737,57.0,0.750162367,0.7
2015-01-22,Quarter4,3,22.52,3.0,1.105263157894737,57.0,0.750068049,0.7
2015-01-22,Quarter4,5,20.4,3.0,0.6896551724137931,58.0,0.700250784,0.7
2015-01-22,Quarter4,11,14.89,3.0,0.8771929824561403,57.0,0.700170388,0.7
2015-01-22,Quarter4,12,15.26,3.411764705882353,0.6764705882352942,34.0,0.600436426,0.6
2015-01-22,Quarter4,7,22.52,3.0,0.40350877192982454,57.0,0.60041361,0.6
2015-01-22,Quarter4,8,40.99,3.1769911504424777,0.5309734513274337,56.5,0.555500132,0.8
2015-01-22,Quarter4,9,29.12,3.0,0.5172413793103449,58.0,0.500547544,0.5
2015-01-24,Quarter4,2,22.94,3.0,1.6491228070175439,57.0,0.90064806,0.75
2015-01-24,Quarter4,4,22.52,3.0,1.6491228070175439,57.0,0.900321106,0.75
2015-01-24,Quarter4,1,22.94,3.0,1.3157894736842106,57.0,0.800643806,0.7
2015-01-24,Quarter4,10,22.52,3.0,1.2321428571428572,56.0,0.80062987,0.75
2015-01-24,Quarter4,6,11.61,2.9375,1.96875,32.0,0.800537143,0.8
2015-01-24,Quarter4,3,22.52,3.0,1.2105263157894737,57.0,0.80035194,0.75
2015-01-24,Quarter4,12,15.26,3.0,1.1764705882352942,34.0,0.750079323,0.75
2015-01-24,Quarter4,11,42.97,3.0,0.9824561403508771,57.0,0.750041201,0.75
2015-01-24,Quarter4,5,20.4,3.0,0.8620689655172413,58.0,0.700250784,0.7
2015-01-24,Quarter4,7,22.52,3.0,0.46017699115044247,56.5,0.650416734,0.65
2015-01-24,Quarter4,9,29.12,1.9137931034482758,0.39655172413793105,58.0,0.600125217,0.6
2015-01-24,Quarter4,8,15.09,3.0,0.4423076923076923,52.0,0.34998951,0.35
2015-01-25,Quarter4,4,22.52,3.0,1.6491228070175439,57.0,0.900321106,0.75
2015-01-25,Quarter4,2,22.94,3.0,1.3846153846153846,58.5,0.850223776,0.75
2015-01-25,Quarter4,1,22.94,3.0,1.2820512820512822,58.5,0.800909609,0.7
2015-01-25,Quarter4,3,22.52,3.0,0.9565217391304348,57.5,0.800513307,0.75
2015-01-25,Quarter4,6,11.61,3.0,1.96875,32.0,0.800386364,0.8
2015-01-25,Quarter4,10,22.52,3.0,1.2321428571428572,56.0,0.800020563,0.75
2015-01-25,Quarter4,7,22.52,3.0,0.7079646017699115,56.5,0.7005417,0.7
2015-01-25,Quarter4,12,15.26,3.0,1.1764705882352942,34.0,0.70043672,0.7
2015-01-25,Quarter4,5,20.4,3.0,0.8620689655172413,58.0,0.700250784,0.7
2015-01-25,Quarter4,9,29.12,3.0,0.4482758620689655,58.0,0.650407524,0.65
2015-01-25,Quarter4,11,42.97,3.0,0.7017543859649122,57.0,0.59114168,0.75
2015-01-25,Quarter4,8,15.09,0.23076923076923078,0.4423076923076923,52.0,0.500061916,0.5
2015-01-26,Quarter4,4,22.52,3.0,1.0619469026548674,56.5,0.850312684,0.8
2015-01-26,Quarter4,6,11.61,3.0,1.5625,32.0,0.800386364,0.8
2015-01-26,Quarter4,3,22.52,3.0,1.2105263157894737,57.0,0.80035194,0.75
2015-01-26,Quarter4,2,22.94,3.0,0.9649122807017544,57.0,0.800034024,0.75
2015-01-26,Quarter4,1,22.94,3.0,1.0344827586206897,58.0,0.800023511,0.7
2015-01-26,Quarter4,10,22.52,3.0,0.9821428571428571,56.0,0.800020563,0.75
2015-01-26,Quarter4,5,20.4,2.9655172413793105,0.9655172413793104,58.0,0.750031447,0.75
2015-01-26,Quarter4,9,29.12,3.0,0.6896551724137931,58.0,0.70061442,0.7
2015-01-26,Quarter4,12,15.26,3.0,1.1764705882352942,34.0,0.70043672,0.7
2015-01-26,Quarter4,8,15.09,0.11538461538461539,0.4423076923076923,52.0,0.600143365,0.6
2015-01-26,Quarter4,11,28.08,3.0,0.40350877192982454,57.0,0.350066986,0.35
2015-01-27,Quarter4,2,22.52,2.0,2.087719298245614,57.0,1.000230409,0.75
2015-01-27,Quarter4,3,22.52,2.0,2.087719298245614,57.0,1.000230409,0.75
2015-01-27,Quarter4,10,22.52,2.0,1.25,56.0,0.900129762,0.8
2015-01-27,Quarter4,4,22.52,2.0,1.0619469026548674,56.5,0.850312684,0.8
2015-01-27,Quarter4,1,22.94,2.0,0.9482758620689655,58.0,0.800263218,0.75
2015-01-27,Quarter4,9,29.12,2.0,0.8620689655172413,58.0,0.700386207,0.7
2015-01-27,Quarter4,12,15.26,2.0,1.1764705882352942,34.0,0.700164706,0.7
2015-01-27,Quarter4,8,15.09,0.07692307692307693,0.4423076923076923,52.0,0.650307143,0.65
2015-01-27,Quarter4,6,30.4,2.0,1.0625,32.0,0.622828125,0.8
2015-01-27,Quarter4,5,20.79,2.0,0.5172413793103449,58.0,0.500035345,0.5
2015-01-27,Quarter4,11,48.18,2.0,0.42592592592592593,54.0,0.37046657,0.5
2015-01-28,Quarter4,2,22.52,2.0,1.5789473684210527,57.0,1.000230409,0.8
2015-01-28,Quarter4,3,22.52,2.0,1.9824561403508771,57.0,1.000230409,0.8
2015-01-28,Quarter4,10,22.52,2.0,1.0714285714285714,56.0,0.850532143,0.8
2015-01-28,Quarter4,1,22.94,2.0,1.396551724137931,58.0,0.850362069,0.75
2015-01-28,Quarter4,5,20.79,2.0,1.5172413793103448,58.0,0.800534483,0.6
2015-01-28,Quarter4,4,22.52,2.0,0.8849557522123894,56.5,0.800489676,0.8
2015-01-28,Quarter4,9,29.12,2.0,1.0862068965517242,58.0,0.750593103,0.7
2015-01-28,Quarter4,12,15.26,1.7142857142857142,1.2857142857142858,35.0,0.750283333,0.75
2015-01-28,Quarter4,11,20.1,1.8148148148148149,0.8518518518518519,54.0,0.500567308,0.5
2015-01-28,Quarter4,8,38.09,2.0,0.0,52.0,0.467693269,0.7
2015-01-28,Quarter4,6,18.79,0.9375,0.71875,32.0,0.437995338,0.35
2015-01-28,Quarter4,7,23.54,2.0,0.0,55.0,0.285333333,0.6
2015-01-29,Quarter5,2,22.52,2.0,1.9824561403508771,57.0,1.000230409,0.8
2015-01-29,Quarter5,3,22.52,2.0,1.7543859649122806,57.0,0.950185965,0.8
2015-01-29,Quarter5,4,22.52,2.0,1.5304347826086957,57.5,0.9008,0.8
2015-01-29,Quarter5,10,22.52,2.0,1.5714285714285714,56.0,0.900129762,0.8
2015-01-29,Quarter5,1,22.94,2.0,1.396551724137931,58.0,0.850362069,0.75
2015-01-29,Quarter5,9,29.12,2.0,0.9137931034482759,58.0,0.850170115,0.7
2015-01-29,Quarter5,5,20.79,2.0,1.3728813559322033,59.0,0.800473729,0.65
2015-01-29,Quarter5,12,15.26,2.0,1.2857142857142858,35.0,0.750646667,0.75
2015-01-29,Quarter5,11,20.1,1.411764705882353,0.9019607843137255,51.0,0.60059761,0.6
2015-01-29,Quarter5,6,18.79,2.0,0.696969696969697,33.0,0.500117677,0.5
2015-01-29,Quarter5,7,23.54,2.0,0.0,55.0,0.48792,0.65
2015-01-31,Quarter5,3,22.52,2.0,1.9482758620689655,58.0,1.000457471,0.8
2015-01-31,Quarter5,2,22.52,2.0,1.9824561403508771,57.0,1.000230409,0.8
2015-01-31,Quarter5,10,22.52,2.0,1.6607142857142858,56.0,0.920236905,0.8
2015-01-31,Quarter5,4,22.52,1.9304347826086956,1.5304347826086957,57.5,0.900537069,0.8
2015-01-31,Quarter5,9,29.12,2.0,1.4210526315789473,57.0,0.850610526,0.75
2015-01-31,Quarter5,1,22.94,2.0,1.396551724137931,58.0,0.850362069,0.75
2015-01-31,Quarter5,12,15.26,2.0,1.2857142857142858,35.0,0.750646667,0.75
2015-01-31,Quarter5,5,50.89,1.6610169491525424,0.9491525423728814,59.0,0.656763743,0.7
2015-01-31,Quarter5,11,20.1,2.0,0.9074074074074074,54.0,0.650148148,0.65
2015-01-31,Quarter5,6,18.79,2.0,0.696969696969697,33.0,0.600710606,0.6
2015-01-31,Quarter5,7,23.54,2.0,0.0,56.0,0.388830357,0.7
2015-01-31,Quarter5,8,23.54,2.0,0.0,54.0,0.286984568,0.5
2015-02-01,Quarter1,2,22.52,2.0,1.9652173913043478,57.5,1.000671304,0.8
2015-02-01,Quarter1,1,22.94,0.8717948717948718,1.9316239316239316,58.5,1.000402055,0.8
2015-02-01,Quarter1,3,22.52,2.0,1.7543859649122806,57.0,0.950185965,0.8
2015-02-01,Quarter1,10,22.52,2.0,1.3392857142857142,56.0,0.850532143,0.8
2015-02-01,Quarter1,4,22.52,2.0,1.0256410256410255,58.5,0.85011396,0.8
2015-02-01,Quarter1,9,29.12,2.0,0.7758620689655172,58.0,0.750593103,0.75
2015-02-01,Quarter1,12,15.26,0.6857142857142857,1.2857142857142858,35.0,0.750450658,0.75
2015-02-01,Quarter1,11,20.1,1.8888888888888888,1.3888888888888888,54.0,0.700508929,0.7
2015-02-01,Quarter1,6,18.79,2.0,0.7878787878787878,33.0,0.651007071,0.65
2015-02-01,Quarter1,8,24.26,2.0,0.0,55.0,0.466821212,0.6
2015-02-01,Quarter1,7,24.26,2.0,0.0,56.0,0.411553571,0.7
2015-02-02,Quarter1,1,22.94,2.0,1.9316239316239316,58.5,1.000602279,0.8
2015-02-02,Quarter1,2,22.52,2.0,1.5042735042735043,58.5,0.900158405,0.8
2015-02-02,Quarter1,3,22.52,2.0,1.2280701754385965,57.0,0.90014152,0.8
2015-02-02,Quarter1,10,22.52,2.0,1.5714285714285714,56.0,0.900129762,0.8
2015-02-02,Quarter1,12,15.26,1.7142857142857142,1.8,35.0,0.800401961,0.8
2015-02-02,Quarter1,4,22.52,1.752212389380531,0.8849557522123894,56.5,0.800393224,0.8
2015-02-02,Quarter1,9,29.12,2.0,0.9482758620689655,58.0,0.799963218,0.75
2015-02-02,Quarter1,11,20.55,2.0,1.1111111111111112,54.0,0.700398148,0.7
2015-02-02,Quarter1,6,18.79,2.0,0.9090909090909091,33.0,0.700354545,0.7
2015-02-02,Quarter1,5,30.1,2.0,0.0,58.0,0.500801724,0.5
2015-02-02,Quarter1,7,24.26,2.0,0.0,56.0,0.295307738,0.7
2015-02-02,Quarter1,8,24.26,2.0,0.0,55.0,0.260978788,0.65
2015-02-03,Quarter1,1,22.52,2.0,1.9652173913043478,57.5,1.000018551,0.8
2015-02-03,Quarter1,10,22.52,2.0,1.6071428571428572,56.0,0.999995238,0.8
2015-02-03,Quarter1,3,22.52,2.0,1.7543859649122806,57.0,0.950185965,0.8
2015-02-03,Quarter1,2,22.52,2.0,1.7241379310344827,58.0,0.949981609,0.8
2015-02-03,Quarter1,4,22.52,1.6106194690265487,1.1150442477876106,56.5,0.800434622,0.8
2015-02-03,Quarter1,12,15.26,0.9714285714285714,1.4285714285714286,35.0,0.800259023,0.8
2015-02-03,Quarter1,9,29.12,2.0,0.5862068965517241,58.0,0.750593103,0.75
2015-02-03,Quarter1,11,25.31,1.7777777777777777,1.1111111111111112,54.0,0.700513566,0.7
2015-02-03,Quarter1,6,18.79,2.0,0.8955223880597015,33.5,0.700184577,0.7
2015-02-03,Quarter1,8,24.26,2.0,0.0,55.5,0.586465465,0.7
2015-02-03,Quarter1,7,24.26,2.0,0.0,56.0,0.541517857,0.7
2015-02-03,Quarter1,5,30.1,2.0,0.0,58.0,0.415172414,0.6
2015-02-04,Quarter1,2,22.52,2.0,1.7391304347826086,57.5,1.05028058,0.8
2015-02-04,Quarter1,3,22.52,2.0,1.9824561403508771,57.0,1.000230409,0.8
2015-02-04,Quarter1,10,22.52,2.0,2.017857142857143,56.0,0.999995238,0.8
2015-02-04,Quarter1,1,22.52,2.0,1.5304347826086957,57.5,0.900147246,0.8
2015-02-04,Quarter1,12,15.26,2.0,1.1176470588235294,34.0,0.800401961,0.8
2015-02-04,Quarter1,9,22.52,2.0,0.8620689655172413,58.0,0.799963218,0.8
2015-02-04,Quarter1,6,18.79,1.696969696969697,0.9090909090909091,33.0,0.700710417,0.7
2015-02-04,Quarter1,7,24.26,2.0,0.0,58.0,0.700612069,0.7
2015-02-04,Quarter1,11,10.05,1.9245283018867925,1.1320754716981132,53.0,0.700278846,0.7
2015-02-04,Quarter1,8,29.12,2.0,0.0,57.0,0.700135088,0.7
2015-02-04,Quarter1,5,30.1,1.6581196581196582,0.0,58.5,0.650834808,0.65
2015-02-04,Quarter1,4,30.1,1.8198198198198199,0.4144144144144144,55.5,0.350706422,0.35
2015-02-05,Quarter1,2,22.52,2.0,2.0,56.5,1.000446018,0.8
2015-02-05,Quarter1,1,22.52,2.0,1.9652173913043478,57.5,1.000018551,0.8
2015-02-05,Quarter1,10,22.52,2.0,2.017857142857143,56.0,0.999995238,0.8
2015-02-05,Quarter1,3,22.52,2.0,1.7543859649122806,57.0,0.950185965,0.8
2015-02-05,Quarter1,12,15.26,0.35294117647058826,1.1176470588235294,34.0,0.800612676,0.8
2015-02-05,Quarter1,9,29.12,2.0,0.8620689655172413,58.0,0.799963218,0.8
2015-02-05,Quarter1,11,10.05,1.6153846153846154,1.3076923076923077,26.0,0.7504,0.75
2015-02-05,Quarter1,6,18.79,1.393939393939394,0.9090909090909091,33.0,0.700079032,0.7
2015-02-05,Quarter1,5,30.1,2.0,0.0,58.0,0.562212644,0.7
2015-02-05,Quarter1,7,24.26,2.0,0.0,58.0,0.522844828,0.07
2015-02-05,Quarter1,4,30.1,2.0,0.4339622641509434,53.0,0.500720126,0.5
2015-02-05,Quarter1,8,24.26,2.0,0.0,57.0,0.496549708,0.7
2015-02-07,Quarter1,2,22.52,1.9827586206896552,1.9482758620689655,58.0,1.000018551,0.8
2015-02-07,Quarter1,3,22.52,2.0,1.7543859649122806,57.0,0.950185965,0.8
2015-02-07,Quarter1,1,22.52,1.9824561403508771,1.543859649122807,57.0,0.900135693,0.8
2015-02-07,Quarter1,10,22.52,2.0,1.5714285714285714,56.0,0.900129762,0.8
2015-02-07,Quarter1,12,15.26,2.0,1.8529411764705883,34.0,0.800401961,0.8
2015-02-07,Quarter1,9,29.12,2.0,0.8620689655172413,58.0,0.799963218,0.8
2015-02-07,Quarter1,6,18.79,0.7878787878787878,1.0303030303030303,33.0,0.750520115,0.75
2015-02-07,Quarter1,11,10.05,2.0,1.6666666666666667,27.0,0.750027778,0.75
2015-02-07,Quarter1,7,24.26,2.0,0.0,58.0,0.662270115,0.7
2015-02-07,Quarter1,4,30.1,1.9824561403508771,0.5263157894736842,57.0,0.600224189,0.6
2015-02-07,Quarter1,5,30.1,2.1186440677966103,0.0,59.0,0.545657673,0.7
2015-02-07,Quarter1,8,24.26,2.0,0.0,57.0,0.365318713,0.7
2015-02-08,Quarter2,2,22.52,2.0,1.9652173913043478,57.5,1.000018551,0.8
2015-02-08,Quarter2,10,22.52,2.0,1.5714285714285714,56.0,0.9008,0.8
2015-02-08,Quarter2,1,22.52,2.0,1.5575221238938053,56.5,0.900135693,0.8
2015-02-08,Quarter2,3,22.52,2.0,1.5714285714285714,56.0,0.900129762,0.8
2015-02-08,Quarter2,12,15.26,1.411764705882353,1.8529411764705883,34.0,0.800355208,0.8
2015-02-08,Quarter2,9,29.12,2.0,0.8620689655172413,58.0,0.799963218,0.8
2015-02-08,Quarter2,6,18.79,2.0,1.0303030303030303,33.0,0.75065101,0.75
2015-02-08,Quarter2,11,10.05,2.0,1.6666666666666667,27.0,0.750027778,0.75
2015-02-08,Quarter2,5,30.1,2.0,0.0,58.5,0.700618234,0.7
2015-02-08,Quarter2,4,30.1,2.0,0.7787610619469026,56.5,0.568259587,0.65
2015-02-08,Quarter2,7,24.26,2.0,0.0,58.0,0.355534483,0.7
2015-02-08,Quarter2,8,24.26,2.0,0.0,57.0,0.353259649,0.7
2015-02-09,Quarter2,10,22.52,0.03571428571428571,1.5714285714285714,56.0,0.9008,0.8
2015-02-09,Quarter2,1,22.52,1.0526315789473684,1.2280701754385965,57.0,0.900509044,0.8
2015-02-09,Quarter2,2,22.52,0.10526315789473684,1.2280701754385965,57.0,0.900477825,0.8
2015-02-09,Quarter2,12,15.26,2.0,1.8529411764705883,34.0,0.800401961,0.8
2015-02-09,Quarter2,3,22.52,1.5789473684210527,0.8771929824561403,57.0,0.800161172,0.8
2015-02-09,Quarter2,9,29.12,2.0,0.8620689655172413,58.0,0.799963218,0.8
2015-02-09,Quarter2,4,30.1,0.9649122807017544,0.8771929824561403,57.0,0.790003236,0.7
2015-02-09,Quarter2,11,10.05,0.0,0.8333333333333334,54.0,0.750648148,0.75
2015-02-09,Quarter2,5,30.1,2.0172413793103448,0.6896551724137931,58.0,0.700618234,0.7
2015-02-09,Quarter2,6,18.79,2.0,0.0,34.0,0.612517157,0.75
2015-02-09,Quarter2,7,30.1,2.0,0.0,58.0,0.350301724,0.35
2015-02-09,Quarter2,8,30.1,2.0,0.0,58.0,0.350301724,0.35
2015-02-10,Quarter2,10,22.52,0.0,1.5714285714285714,56.0,0.90063244,0.8
2015-02-10,Quarter2,1,22.52,0.0,1.543859649122807,57.0,0.90047076,0.8
2015-02-10,Quarter2,3,22.52,0.0,1.543859649122807,57.0,0.90047076,0.8
2015-02-10,Quarter2,2,22.52,0.0,1.543859649122807,57.0,0.899984058,0.8
2015-02-10,Quarter2,9,29.12,0.6206896551724138,0.6551724137931034,58.0,0.8008,0.8
2015-02-10,Quarter2,12,15.26,2.0,1.4705882352941178,34.0,0.800401961,0.8
2015-02-10,Quarter2,6,18.79,1.1764705882352942,0.0,34.0,0.750797009,0.75
2015-02-10,Quarter2,11,10.05,1.0,0.6296296296296297,54.0,0.750648148,0.8
2015-02-10,Quarter2,5,30.1,2.0172413793103448,0.7758620689655172,58.0,0.750356125,0.75
2015-02-10,Quarter2,4,30.1,2.0172413793103448,0.6896551724137931,58.0,0.700618234,0.7
2015-02-10,Quarter2,7,30.1,2.0,0.39655172413793105,58.0,0.500801724,0.5
2015-02-10,Quarter2,8,30.1,2.0,0.5172413793103449,58.0,0.393548851,0.5
2015-02-11,Quarter2,2,22.52,0.0,1.565217391304348,57.5,1.000344928,0.8
2015-02-11,Quarter2,1,22.52,0.0,1.9824561403508771,57.0,1.000065789,0.8
2015-02-11,Quarter2,10,22.52,0.0,1.3392857142857142,56.0,0.850364583,0.8
2015-02-11,Quarter2,6,18.79,1.7058823529411764,1.1176470588235294,34.0,0.800947475,0.8
2015-02-11,Quarter2,12,15.26,2.0,1.4705882352941178,34.0,0.800401961,0.8
2015-02-11,Quarter2,9,29.12,0.9310344827586207,0.8620689655172413,58.0,0.800144144,0.8
2015-02-11,Quarter2,5,30.1,2.0672268907563027,0.9411764705882353,59.5,0.750406233,0.75
2015-02-11,Quarter2,8,30.1,1.3103448275862069,0.5172413793103449,58.0,0.714410494,0.6
2015-02-11,Quarter2,4,30.1,1.6638655462184875,0.6722689075630253,59.5,0.700588406,0.7
2015-02-11,Quarter2,7,30.1,0.9655172413793104,0.39655172413793105,58.0,0.600070513,0.6
2015-02-11,Quarter2,3,22.52,2.0,0.0,57.0,0.536901754,0.8
2015-02-11,Quarter2,11,11.41,1.0384615384615385,0.0,52.0,0.507903226,0.35
2015-02-12,Quarter2,1,22.52,0.0,2.4210526315789473,57.0,1.100483918,0.8
2015-02-12,Quarter2,2,22.52,0.0,1.9652173913043478,57.5,1.000344928,0.8
2015-02-12,Quarter2,12,15.26,2.0,1.4705882352941178,34.0,0.800401961,0.8
2015-02-12,Quarter2,5,30.1,2.0,0.9491525423728814,59.0,0.750799435,0.75
2015-02-12,Quarter2,6,18.79,2.0,0.0,33.0,0.688017677,0.8
2015-02-12,Quarter2,4,30.1,2.0,0.0,59.0,0.637711864,0.7
2015-02-12,Quarter2,7,30.1,2.0,0.0,59.0,0.535677966,0.65
2015-02-12,Quarter2,11,11.41,0.6909090909090909,0.0,55.0,0.50012336,0.5
2015-02-12,Quarter2,9,29.12,2.0,0.0,58.0,0.497885057,0.8
2015-02-12,Quarter2,8,30.1,2.0,0.0,59.0,0.463403955,0.65
2015-02-12,Quarter2,10,22.52,2.0,0.0,50.0,0.441392,0.8
2015-02-12,Quarter2,3,30.1,2.0,0.0,58.0,0.350301724,0.35
2015-02-14,Quarter2,1,22.52,2.0,1.9824561403508771,57.0,1.000230409,0.8
2015-02-14,Quarter2,12,15.26,2.0,1.8529411764705883,34.0,0.800401961,0.8
2015-02-14,Quarter2,2,22.52,1.0701754385964912,1.105263157894737,57.0,0.80037492,0.8
2015-02-14,Quarter2,4,30.1,2.016949152542373,0.0,59.0,0.750392157,0.75
2015-02-14,Quarter2,5,30.1,2.016949152542373,0.9491525423728814,59.0,0.750392157,0.75
2015-02-14,Quarter2,8,30.1,1.4333333333333333,0.0,60.0,0.700206125,0.7
2015-02-14,Quarter2,7,30.1,2.0,0.0,60.0,0.602,0.7
2015-02-14,Quarter2,11,11.41,0.6909090909090909,0.41818181818181815,55.0,0.600447507,0.6
2015-02-14,Quarter2,6,18.79,2.0,0.0,34.0,0.557252451,0.8
2015-02-14,Quarter2,3,30.1,2.0,0.5172413793103449,58.0,0.500801724,0.5
2015-02-15,Quarter3,1,22.52,2.0,1.9824561403508771,57.0,1.000230409,0.8
2015-02-15,Quarter3,12,15.26,0.7058823529411765,1.4705882352941178,34.0,0.800806306,0.8
2015-02-15,Quarter3,5,30.1,2.0,0.0,59.5,0.722568627,0.8
2015-02-15,Quarter3,7,30.1,2.0,0.0,59.0,0.700632768,0.7
2015-02-15,Quarter3,8,30.1,1.6610169491525424,0.6779661016949152,59.0,0.700573099,0.7
2015-02-15,Quarter3,6,18.79,2.0,0.0,34.0,0.681598039,0.75
2015-02-15,Quarter3,11,11.41,0.8301886792452831,0.4339622641509434,53.0,0.650223718,0.65
2015-02-15,Quarter3,4,30.1,2.0,0.0,59.5,0.598627451,0.75
2015-02-15,Quarter3,3,30.1,2.0,0.5172413793103449,58.0,0.475718391,0.6
2015-02-15,Quarter3,2,22.52,2.0,0.0,57.5,0.432122899,0.8
2015-02-15,Quarter3,9,18.79,1.6296296296296295,0.0,54.0,0.283054487,0.5
2015-02-16,Quarter3,1,22.52,2.0,1.9824561403508771,57.0,1.000230409,0.8
2015-02-16,Quarter3,3,30.1,0.1724137931034483,1.0862068965517242,58.0,0.802243319,0.65
2015-02-16,Quarter3,5,30.1,0.0,0.0,59.0,0.800980392,0.8
2015-02-16,Quarter3,12,15.26,1.8235294117647058,1.1176470588235294,34.0,0.800312375,0.8
2015-02-16,Quarter3,6,18.79,2.0,0.0,33.0,0.75065101,0.75
2015-02-16,Quarter3,4,30.1,2.0172413793103448,0.0,58.0,0.750356125,0.75
2015-02-16,Quarter3,7,30.1,0.1694915254237288,0.5084745762711864,59.0,0.700459889,0.7
2015-02-16,Quarter3,8,30.1,2.0,0.4576271186440678,59.0,0.621971751,0.7
2015-02-16,Quarter3,11,11.41,0.6666666666666666,0.5555555555555556,54.0,0.565972222,0.7
2015-02-16,Quarter3,10,18.22,2.0,0.0,44.0,0.35542803,0.6
2015-02-16,Quarter3,9,18.79,1.6666666666666667,0.0,54.0,0.329964879,0.6
2015-02-17,Quarter3,1,22.52,2.0,1.9824561403508771,57.0,1.000230409,0.8
2015-02-17,Quarter3,12,15.26,2.0,1.1176470588235294,34.0,0.800401961,0.8
2015-02-17,Quarter3,6,18.79,1.696969696969697,0.0,33.0,0.750621354,0.75
2015-02-17,Quarter3,4,30.1,2.0172413793103448,0.7758620689655172,58.0,0.750356125,0.75
2015-02-17,Quarter3,7,30.1,0.23728813559322035,0.5084745762711864,59.0,0.700888203,0.7
2015-02-17,Quarter3,11,11.41,1.0178571428571428,0.5357142857142857,56.0,0.700614035,0.7
2015-02-17,Quarter3,3,30.1,2.0,0.8620689655172413,58.0,0.700603448,0.7
2015-02-17,Quarter3,5,30.1,2.016949152542373,0.0,59.0,0.653431373,0.8
2015-02-17,Quarter3,9,18.79,1.803921568627451,0.0,51.0,0.650134,0.65
2015-02-17,Quarter3,8,29.4,0.0,0.39655172413793105,58.0,0.600982906,0.6
2015-02-17,Quarter3,2,30.33,2.0,0.0,56.0,0.361071429,0.5
2015-02-17,Quarter3,10,18.22,0.0,0.0,49.0,0.302117347,0.65
2015-02-18,Quarter3,11,11.41,1.0,0.5357142857142857,56.0,0.8211125,0.7
2015-02-18,Quarter3,4,30.1,0.13793103448275862,0.8620689655172413,58.0,0.800980392,0.8
2015-02-18,Quarter3,5,30.1,0.0,0.0,59.0,0.800980392,0.8
2015-02-18,Quarter3,12,15.26,2.0,1.8529411764705883,34.0,0.800401961,0.8
2015-02-18,Quarter3,1,22.52,1.1578947368421053,1.105263157894737,57.0,0.800279693,0.8
2015-02-18,Quarter3,6,18.79,2.0,1.0303030303030303,33.0,0.75065101,0.75
2015-02-18,Quarter3,7,30.1,0.6440677966101694,0.7627118644067796,59.0,0.75053268,0.75
2015-02-18,Quarter3,3,30.1,0.0,0.6896551724137931,58.0,0.700603448,0.7
2015-02-18,Quarter3,9,18.79,1.4901960784313726,0.5882352941176471,51.0,0.70009573,0.7
2015-02-18,Quarter3,2,30.33,2.0,0.0,57.0,0.328131579,0.6
2015-02-18,Quarter3,10,19.68,2.0,0.0,47.0,0.303574468,0.7
2015-02-18,Quarter3,8,29.4,1.3333333333333333,0.0,57.0,0.251399254,0.65
2015-02-19,Quarter3,12,15.26,0.5294117647058824,1.1176470588235294,34.0,0.800711494,0.8
2015-02-19,Quarter3,1,22.52,1.1228070175438596,1.105263157894737,57.0,0.800470513,0.8
2015-02-19,Quarter3,4,30.1,2.0,1.0769230769230769,58.5,0.800094017,0.8
2015-02-19,Quarter3,5,30.1,0.16806722689075632,1.0588235294117647,59.5,0.799982853,0.8
2015-02-19,Quarter3,6,18.79,2.0,1.696969696969697,33.0,0.75065101,0.75
2015-02-19,Quarter3,3,30.1,2.0,0.8620689655172413,58.0,0.700603448,0.7
2015-02-19,Quarter3,11,11.41,1.0,0.5172413793103449,58.0,0.700540441,0.7
2015-02-19,Quarter3,8,29.4,1.8245614035087718,0.0,57.0,0.7,0.7
2015-02-19,Quarter3,9,18.79,2.0,0.5882352941176471,51.0,0.638614379,0.7
2015-02-19,Quarter3,7,30.1,0.0,0.0,59.0,0.611140537,0.75
2015-02-19,Quarter3,2,30.33,2.0,0.0,57.0,0.585315789,0.65
2015-02-19,Quarter3,10,19.68,2.0,0.0,48.0,0.249416667,0.7
2015-02-22,Quarter4,12,15.26,2.0,1.8529411764705883,34.0,0.800401961,0.8
2015-02-22,Quarter4,4,30.1,1.6440677966101696,1.0677966101694916,59.0,0.80000295,0.8
2015-02-22,Quarter4,6,18.79,2.0,1.3636363636363635,33.0,0.75065101,0.75
2015-02-22,Quarter4,8,29.4,2.0,0.7017543859649122,57.0,0.700614035,0.7
2015-02-22,Quarter4,2,30.33,2.0,0.0,57.0,0.700605263,0.7
2015-02-22,Quarter4,11,11.41,1.0,0.0,58.0,0.672140805,0.75
2015-02-22,Quarter4,9,18.79,0.9473684210526315,0.5263157894736842,57.0,0.627011183,0.7
2015-02-22,Quarter4,3,30.1,2.3448275862068964,0.5689655172413793,58.0,0.626577778,0.7
2015-02-22,Quarter4,10,21.25,2.0,0.0,50.0,0.456875,0.7
2015-02-22,Quarter4,7,30.1,2.0,0.0,58.0,0.393548851,0.75
2015-02-22,Quarter4,5,30.1,1.5833333333333333,0.0,60.0,0.307501459,0.8
2015-02-23,Quarter4,12,15.26,2.0,1.8529411764705883,34.0,0.800401961,0.8
2015-02-23,Quarter4,4,30.1,2.016949152542373,0.6440677966101694,59.0,0.800137255,0.8
2015-02-23,Quarter4,5,30.1,2.016949152542373,0.6440677966101694,59.0,0.800137255,0.8
2015-02-23,Quarter4,7,30.1,2.0,0.7758620689655172,58.0,0.750770115,0.75
2015-02-23,Quarter4,6,18.79,2.0,1.3636363636363635,33.0,0.75065101,0.75
2015-02-23,Quarter4,11,11.41,0.8103448275862069,0.0,58.0,0.750293939,0.75
2015-02-23,Quarter4,2,30.33,0.6206896551724138,0.5172413793103449,58.0,0.700623,0.7
2015-02-23,Quarter4,8,29.4,2.0,0.7017543859649122,57.0,0.700614035,0.7
2015-02-23,Quarter4,3,29.4,2.0,0.5172413793103449,58.0,0.700362069,0.7
2015-02-23,Quarter4,9,18.79,2.0,0.8,50.0,0.60128,0.7
2015-02-23,Quarter4,10,21.25,2.0,0.0,50.0,0.417916667,0.7
2015-02-24,Quarter4,12,15.26,2.0,1.4705882352941178,34.0,0.800401961,0.8
2015-02-24,Quarter4,5,30.1,1.9833333333333334,0.8333333333333334,60.0,0.800137255,0.8
2015-02-24,Quarter4,4,30.1,1.8305084745762712,0.847457627118644,59.0,0.800071839,0.8
2015-02-24,Quarter4,7,30.1,1.5932203389830508,0.7627118644067796,59.0,0.750727326,0.75
2015-02-24,Quarter4,6,18.79,1.696969696969697,1.3636363636363635,33.0,0.75065101,0.75
2015-02-24,Quarter4,11,11.61,0.9824561403508771,0.5964912280701754,57.0,0.750437269,0.75
2015-02-24,Quarter4,3,29.4,1.4833333333333334,0.75,60.0,0.750176991,0.75
2015-02-24,Quarter4,2,30.33,0.4745762711864407,0.5084745762711864,59.0,0.700623,0.7
2015-02-24,Quarter4,8,29.4,1.3103448275862069,0.6896551724137931,58.0,0.700518519,0.7
2015-02-24,Quarter4,9,18.79,0.9615384615384616,0.5769230769230769,52.0,0.700256795,0.7
2015-02-24,Quarter4,10,21.25,2.0,0.0,53.0,0.471108491,0.7
2015-02-24,Quarter4,1,22.53,2.0,0.0,42.0,0.268214286,0.6
2015-02-25,Quarter4,9,18.79,2.0,1.0769230769230769,52.0,0.970816667,0.75
2015-02-25,Quarter4,4,30.1,1.152542372881356,0.847457627118644,59.0,0.800808642,0.8
2015-02-25,Quarter4,12,15.26,2.0,1.4705882352941178,34.0,0.800401961,0.8
2015-02-25,Quarter4,7,30.1,2.0,0.847457627118644,59.0,0.800115819,0.8
2015-02-25,Quarter4,6,18.79,2.0,1.3636363636363635,33.0,0.75065101,0.75
2015-02-25,Quarter4,11,11.61,0.9824561403508771,0.7894736842105263,57.0,0.750503571,0.75
2015-02-25,Quarter4,3,29.4,2.0,0.7758620689655172,58.0,0.750206897,0.75
2015-02-25,Quarter4,8,29.4,2.0,0.5172413793103449,58.0,0.700362069,0.7
2015-02-25,Quarter4,2,30.33,1.1379310344827587,0.5172413793103449,58.0,0.700069811,0.7
2015-02-25,Quarter4,10,21.82,2.0,0.0,52.0,0.700058333,0.7
2015-02-25,Quarter4,5,30.1,0.3389830508474576,0.8305084745762712,59.0,0.598792339,0.8
2015-02-25,Quarter4,1,22.53,2.0,0.0,42.0,0.581130952,0.65
2015-02-26,Quarter4,7,30.1,1.152542372881356,0.847457627118644,59.0,0.800808642,0.8
2015-02-26,Quarter4,11,11.61,0.8245614035087719,0.8771929824561403,57.0,0.800516667,0.8
2015-02-26,Quarter4,12,15.26,2.0,1.8529411764705883,34.0,0.800401961,0.8
2015-02-26,Quarter4,6,18.79,2.0,1.3636363636363635,33.0,0.75065101,0.75
2015-02-26,Quarter4,3,29.4,2.0,0.7894736842105263,57.0,0.750473684,0.75
2015-02-26,Quarter4,9,18.79,1.8076923076923077,0.8653846153846154,52.0,0.750371895,0.75
2015-02-26,Quarter4,8,29.4,2.0,0.9655172413793104,58.0,0.750206897,0.75
2015-02-26,Quarter4,10,21.82,1.0384615384615385,0.0,52.0,0.700251773,0.7
2015-02-26,Quarter4,2,30.33,2.0,0.0,58.0,0.66237931,0.7
2015-02-26,Quarter4,4,30.1,2.0,0.5423728813559322,59.0,0.495617514,0.8
2015-02-26,Quarter4,5,27.48,2.0,0.6666666666666666,57.0,0.449964912,0.35
2015-02-26,Quarter4,1,26.66,2.0,0.41818181818181815,55.0,0.378895152,0.35
2015-02-28,Quarter4,11,11.61,0.0,0.8620689655172413,58.0,0.800779018,0.8
2015-02-28,Quarter4,12,15.26,0.8333333333333333,1.8235294117647058,34.0,0.800260821,0.8
2015-02-28,Quarter4,7,30.1,0.23728813559322035,0.6440677966101694,59.0,0.799982853,0.8
2015-02-28,Quarter4,3,29.4,1.2982456140350878,0.7894736842105263,57.0,0.750716981,0.75
2015-02-28,Quarter4,6,18.79,2.0,1.3636363636363635,33.0,0.75065101,0.75
2015-02-28,Quarter4,8,29.4,1.3103448275862069,0.9655172413793104,58.0,0.750425926,0.75
2015-02-28,Quarter4,9,18.79,2.0,0.8653846153846154,52.0,0.750395513,0.75
2015-02-28,Quarter4,10,21.82,2.0,0.7843137254901961,51.0,0.700236601,0.7
2015-02-28,Quarter4,2,30.33,1.3103448275862069,0.0,58.0,0.700211111,0.7
2015-02-28,Quarter4,5,27.48,2.0,0.5263157894736842,57.0,0.550403509,0.5
2015-02-28,Quarter4,1,26.66,2.0,0.5263157894736842,57.0,0.550349708,0.5
2015-02-28,Quarter4,4,26.66,2.0,0.39655172413793105,58.0,0.500258046,0.5
2015-03-01,Quarter1,12,15.26,2.0,1.8529411764705883,34.0,0.800401961,0.8
2015-03-01,Quarter1,8,29.4,1.8245614035087718,0.9824561403508771,57.0,0.75075,0.75
2015-03-01,Quarter1,6,18.79,2.0,1.3636363636363635,33.0,0.75065101,0.75
2015-03-01,Quarter1,3,29.4,2.0,0.7894736842105263,57.0,0.750473684,0.75
2015-03-01,Quarter1,9,18.79,2.0,0.6538461538461539,52.0,0.750395513,0.75
2015-03-01,Quarter1,5,27.48,2.0,0.6785714285714286,56.0,0.707446429,0.6
2015-03-01,Quarter1,10,21.82,1.8076923076923077,0.5769230769230769,52.0,0.700236601,0.7
2015-03-01,Quarter1,1,26.66,2.0,0.6666666666666666,57.0,0.700019883,0.6
2015-03-01,Quarter1,2,30.33,0.5172413793103449,0.0,58.0,0.683550607,0.7
2015-03-01,Quarter1,11,11.61,0.0,0.8771929824561403,57.0,0.682433036,0.8
2015-03-01,Quarter1,4,26.66,2.0,0.40350877192982454,57.0,0.600239766,0.6
2015-03-01,Quarter1,7,30.1,2.0,0.0,58.0,0.579511494,0.8
2015-03-02,Quarter1,1,26.66,2.0,1.1403508771929824,57.0,0.800579532,0.65
2015-03-02,Quarter1,12,15.26,2.0,1.8529411764705883,34.0,0.800401961,0.8
2015-03-02,Quarter1,11,11.61,0.0,0.8771929824561403,57.0,0.800309211,0.8
2015-03-02,Quarter1,3,29.4,1.368421052631579,0.8771929824561403,57.0,0.800149813,0.8
2015-03-02,Quarter1,7,30.1,2.0,0.0,59.0,0.800115819,0.8
2015-03-02,Quarter1,6,18.79,1.4545454545454546,1.0303030303030303,33.0,0.750797009,0.75
2015-03-02,Quarter1,8,29.4,2.0,0.7894736842105263,57.0,0.750473684,0.75
2015-03-02,Quarter1,9,18.79,2.0,0.8653846153846154,52.0,0.750395513,0.75
2015-03-02,Quarter1,4,26.66,1.9824561403508771,0.9649122807017544,57.0,0.750254867,0.65
2015-03-02,Quarter1,5,27.48,2.0,0.6071428571428571,56.0,0.700903571,0.65
2015-03-02,Quarter1,10,21.82,1.1764705882352942,0.5882352941176471,51.0,0.70013604,0.7
2015-03-03,Quarter1,11,11.41,0.0,0.8928571428571429,56.0,0.800701754,0.8
2015-03-03,Quarter1,1,26.66,2.0,1.0344827586206897,58.0,0.800566092,0.7
2015-03-03,Quarter1,12,15.26,2.0,1.4705882352941178,34.0,0.800401961,0.8
2015-03-03,Quarter1,3,29.4,2.0,0.8771929824561403,57.0,0.800333333,0.8
2015-03-03,Quarter1,7,30.1,2.0,0.847457627118644,59.0,0.800115819,0.8
2015-03-03,Quarter1,4,26.66,2.0,0.8620689655172413,58.0,0.750770115,0.7
2015-03-03,Quarter1,8,29.4,2.0,0.9824561403508771,57.0,0.750473684,0.75
2015-03-03,Quarter1,9,18.79,2.0,0.6538461538461539,52.0,0.750395513,0.75
2015-03-03,Quarter1,6,20.2,1.5757575757575757,1.3636363636363635,33.0,0.750212553,0.75
2015-03-03,Quarter1,5,27.48,2.0,0.5263157894736842,57.0,0.700659649,0.7
2015-03-03,Quarter1,10,21.82,1.6470588235294117,0.5882352941176471,51.0,0.699984417,0.7
2015-03-03,Quarter1,2,15.28,2.0,0.0,45.0,0.30277037,0.4
2015-03-04,Quarter1,11,11.41,0.0,0.6785714285714286,56.0,0.800701754,0.8
2015-03-04,Quarter1,12,15.26,2.0,1.4705882352941178,34.0,0.800401961,0.8
2015-03-04,Quarter1,3,29.4,2.0,1.105263157894737,57.0,0.800333333,0.8
2015-03-04,Quarter1,7,30.1,1.11864406779661,0.847457627118644,59.0,0.800055762,0.8
2015-03-04,Quarter1,4,26.82,2.0,1.0344827586206897,58.0,0.799975862,0.7
2015-03-04,Quarter1,1,26.82,2.0,0.8620689655172413,58.0,0.750651724,0.7
2015-03-04,Quarter1,9,18.79,2.0,0.6538461538461539,52.0,0.750395513,0.75
2015-03-04,Quarter1,5,27.48,2.0,0.6896551724137931,58.0,0.700424138,0.7
2015-03-04,Quarter1,10,21.82,1.8113207547169812,0.5660377358490566,53.0,0.700058333,0.7
2015-03-04,Quarter1,8,29.4,2.0,0.0,57.0,0.433263158,0.8
2015-03-04,Quarter1,2,15.28,2.0,0.0,46.0,0.404144928,0.5
2015-03-04,Quarter1,6,18.79,2.0,0.0,33.0,0.332146465,0.75
2015-03-05,Quarter1,11,11.41,1.0178571428571428,0.8928571428571429,56.0,0.800701754,0.8
2015-03-05,Quarter1,3,29.4,0.5263157894736842,1.105263157894737,57.0,0.800534979,0.8
2015-03-05,Quarter1,12,15.26,2.0,1.4705882352941178,34.0,0.800401961,0.8
2015-03-05,Quarter1,1,26.82,2.0,0.8620689655172413,58.0,0.750651724,0.7
2015-03-05,Quarter1,9,18.79,2.0,0.8653846153846154,52.0,0.750395513,0.75
2015-03-05,Quarter1,4,26.82,2.0,0.847457627118644,59.0,0.750050847,0.7
2015-03-05,Quarter1,5,27.48,2.0,0.6896551724137931,58.0,0.700424138,0.7
2015-03-05,Quarter1,10,21.82,2.0,0.6,50.0,0.700422,0.7
2015-03-05,Quarter1,2,15.28,0.4782608695652174,0.0,46.0,0.600099145,0.6
2015-03-05,Quarter1,7,30.1,0.3389830508474576,0.0,59.0,0.366053523,0.8
2015-03-05,Quarter1,6,22.53,1.1282051282051282,0.0,39.0,0.26369382,0.35
2015-03-07,Quarter1,12,15.26,2.0,2.2058823529411766,34.0,0.850520588,0.8
2015-03-07,Quarter1,1,26.82,2.3448275862068964,1.206896551724138,58.0,0.850045,0.7
2015-03-07,Quarter1,4,26.82,2.0,1.0344827586206897,58.0,0.800746552,0.7
2015-03-07,Quarter1,3,29.4,2.0,1.105263157894737,57.0,0.800578947,0.8
2015-03-07,Quarter1,11,11.41,0.9827586206896551,0.8620689655172413,58.0,0.800034503,0.8
2015-03-07,Quarter1,9,18.79,1.1372549019607843,0.8823529411764706,51.0,0.749987124,0.75
2015-03-07,Quarter1,10,21.82,2.0,0.6,50.0,0.700422,0.7
2015-03-07,Quarter1,2,16.1,1.5555555555555556,0.0,45.0,0.65024031,0.65
2015-03-07,Quarter1,6,23.41,0.9743589743589743,0.0,39.0,0.500528095,0.5
2015-03-07,Quarter1,5,27.48,2.0,0.41379310344827586,58.0,0.408960345,0.7
2015-03-08,Quarter2,4,26.82,2.0,1.1403508771929824,57.0,0.850084211,0.75
2015-03-08,Quarter2,1,26.82,2.0,1.1206896551724137,58.0,0.85007069,0.75
2015-03-08,Quarter2,3,30.1,0.9824561403508771,0.8771929824561403,57.0,0.800511068,0.8
2015-03-08,Quarter2,12,15.26,2.0,1.8529411764705883,34.0,0.800401961,0.8
2015-03-08,Quarter2,11,11.41,0.9827586206896551,0.8620689655172413,58.0,0.800034503,0.8
2015-03-08,Quarter2,9,18.79,1.8076923076923077,0.8653846153846154,52.0,0.750371895,0.75
2015-03-08,Quarter2,10,21.82,2.0,0.6,50.0,0.700422,0.7
2015-03-08,Quarter2,2,16.1,1.7777777777777777,0.6666666666666666,45.0,0.700106061,0.7
2015-03-08,Quarter2,6,23.41,1.105263157894737,0.6052631578947368,38.0,0.601037091,0.6
2015-03-08,Quarter2,8,30.48,2.0,0.0,56.0,0.600528571,0.6
2015-03-08,Quarter2,5,26.82,2.0,0.3898305084745763,59.0,0.500033898,0.5
2015-03-09,Quarter2,4,26.82,2.0172413793103448,1.1206896551724137,58.0,0.850446154,0.75
2015-03-09,Quarter2,1,26.82,2.016949152542373,1.1016949152542372,59.0,0.850426891,0.75
2015-03-09,Quarter2,3,30.1,1.4827586206896552,0.8620689655172413,58.0,0.800842424,0.8
2015-03-09,Quarter2,12,15.26,2.0,1.8529411764705883,34.0,0.800401961,0.8
2015-03-09,Quarter2,11,11.41,0.9827586206896551,0.8620689655172413,58.0,0.800034503,0.8
2015-03-09,Quarter2,9,18.79,2.0,0.8653846153846154,52.0,0.750395513,0.75
2015-03-09,Quarter2,2,16.1,2.0444444444444443,0.6666666666666666,45.0,0.700516224,0.7
2015-03-09,Quarter2,10,21.82,2.0,0.6,50.0,0.700422,0.7
2015-03-09,Quarter2,6,23.41,2.0,0.9210526315789473,38.0,0.650962281,0.65
2015-03-09,Quarter2,8,30.48,2.0,0.4642857142857143,56.0,0.650421429,0.65
2015-03-09,Quarter2,5,26.82,2.0,0.3898305084745763,59.0,0.600040678,0.6
2015-03-09,Quarter2,7,30.48,2.0,0.0,55.0,0.500610909,0.5
2015-03-10,Quarter2,1,26.82,2.0,1.271186440677966,59.0,0.900061017,0.75
2015-03-10,Quarter2,4,26.82,1.6610169491525424,1.1016949152542372,59.0,0.850084211,0.75
2015-03-10,Quarter2,12,15.26,2.0,1.8529411764705883,34.0,0.800401961,0.8
2015-03-10,Quarter2,3,30.1,2.0,1.0862068965517242,58.0,0.800071839,0.8
2015-03-10,Quarter2,11,11.41,0.9827586206896551,0.8620689655172413,58.0,0.800034503,0.8
2015-03-10,Quarter2,10,21.82,2.0,0.68,50.0,0.750608,0.75
2015-03-10,Quarter2,9,18.79,2.0,0.8653846153846154,52.0,0.750395513,0.75
2015-03-10,Quarter2,8,30.48,2.0,0.5263157894736842,57.0,0.700505263,0.7
2015-03-10,Quarter2,6,23.41,2.0,0.7894736842105263,38.0,0.700246491,0.7
2015-03-10,Quarter2,2,16.1,2.0,0.8888888888888888,45.0,0.700051852,0.7
2015-03-10,Quarter2,5,26.82,2.0,0.4406779661016949,59.0,0.650044068,0.65
2015-03-10,Quarter2,7,30.48,2.0,0.43859649122807015,57.0,0.630402924,0.6
2015-03-11,Quarter2,12,15.26,2.0,1.8529411764705883,34.0,0.800401961,0.8
2015-03-11,Quarter2,3,30.1,2.0,1.0862068965517242,58.0,0.800071839,0.8
2015-03-11,Quarter2,11,11.41,0.9827586206896551,0.8620689655172413,58.0,0.800034503,0.8
2015-03-11,Quarter2,10,21.82,2.0,0.68,50.0,0.750608,0.75
2015-03-11,Quarter2,9,18.79,1.6153846153846154,0.8653846153846154,52.0,0.750347333,0.75
2015-03-11,Quarter2,2,16.1,2.0,1.0,45.0,0.750140741,0.75
2015-03-11,Quarter2,1,26.82,2.0,0.7627118644067796,59.0,0.750050847,0.75
2015-03-11,Quarter2,4,26.82,2.0,0.7627118644067796,59.0,0.750050847,0.75
2015-03-11,Quarter2,5,26.82,2.0,0.5172413793103449,58.0,0.700556897,0.7
2015-03-11,Quarter2,8,30.48,2.0,0.5263157894736842,57.0,0.700505263,0.7
2015-03-11,Quarter2,6,23.41,2.0,1.0526315789473684,38.0,0.700246491,0.7
2015-03-11,Quarter2,7,30.48,2.0,0.45614035087719296,57.0,0.650596491,0.65
