date,quarter,day,team,smv,over_time_per_worker,incentive,idle_time,wip,no_of_workers,actual_productivity,targeted_productivity
2015-01-01,Quarter1,Thursday,8,26.16,2.0,98,0.0,1108.0,59.0,0.940725424,0.8
2015-01-01,Quarter1,Thursday,11,11.41,2.0,50,0.0,968.0,30.5,0.800570492,0.8
2015-01-01,Quarter1,Thursday,12,11.41,2.0,50,0.0,968.0,30.5,0.800570492,0.8
2015-01-01,Quarter1,Thursday,6,25.9,0.5714285714285714,50,0.0,1170.0,56.0,0.800381944,0.8
2015-01-01,Quarter1,Thursday,7,25.9,2.0,38,0.0,984.0,56.0,0.800125,0.8
2015-01-01,Quarter1,Thursday,3,28.08,2.0,45,0.0,795.0,57.5,0.753683478,0.75
2015-01-01,Quarter1,Thursday,2,19.87,1.8181818181818181,34,0.0,733.0,55.0,0.753097531,0.75
2015-01-01,Quarter1,Thursday,1,28.08,2.0,45,0.0,681.0,57.5,0.750427826,0.75
2015-01-01,Quarter1,Thursday,9,28.08,2.0,44,0.0,872.0,57.5,0.721126957,0.7
2015-01-01,Quarter1,Thursday,10,19.31,2.0,45,0.0,578.0,54.0,0.712205247,0.75
2015-01-01,Quarter1,Thursday,5,11.41,2.0,50,0.0,668.0,30.5,0.707045902,0.8
2015-01-01,Quarter1,Thursday,4,23.69,2.0,0,0.0,861.0,60.0,0.52118,0.65
2015-01-03,Quarter1,Saturday,1,28.08,1.8584070796460177,50,0.0,772.0,56.5,0.800725314,0.8
2015-01-03,Quarter1,Saturday,3,28.08,2.0,50,0.0,913.0,54.5,0.800322936,0.8
2015-01-03,Quarter1,Saturday,8,26.16,2.0,50,0.0,1261.0,59.0,0.800318644,0.8
2015-01-03,Quarter1,Saturday,12,26.16,2.0,63,0.0,844.0,59.0,0.800318644,0.8
2015-01-03,Quarter1,Saturday,11,11.61,4.0,50,0.0,1005.0,29.5,0.800237288,0.8
2015-01-03,Quarter1,Saturday,5,11.61,3.746031746031746,50,0.0,659.0,31.5,0.800148649,0.8
2015-01-03,Quarter1,Saturday,6,25.9,2.0,50,0.0,1152.0,56.0,0.800125,0.8
2015-01-03,Quarter1,Saturday,7,25.9,2.0,38,0.0,1138.0,56.0,0.800125,0.8
2015-01-03,Quarter1,Saturday,10,19.31,2.0,56,0.0,610.0,54.0,0.787299691,0.75
2015-01-03,Quarter1,Saturday,2,19.87,2.0,45,0.0,944.0,55.0,0.75024303,0.75
2015-01-03,Quarter1,Saturday,4,23.69,3.8333333333333335,0,0.0,544.0,60.0,0.700134038,0.7
2015-01-03,Quarter1,Saturday,9,28.08,2.0,40,0.0,1072.0,57.5,0.699965217,0.7
2015-01-04,Quarter1,Sunday,6,11.61,3.75,50,0.0,539.0,31.0,0.879714482,0.8
2015-01-04,Quarter1,Sunday,9,26.16,2.0,60,0.0,1278.0,59.0,0.850569492,0.8
2015-01-04,Quarter1,Sunday,7,25.9,2.0707964601769913,60,0.0,1227.0,56.5,0.850436438,0.8
2015-01-04,Quarter1,Sunday,8,25.9,2.0,45,0.0,1039.0,56.5,0.850345133,0.8
2015-01-04,Quarter1,Sunday,4,28.08,1.2792792792792793,50,0.0,878.0,55.5,0.800598058,0.8
2015-01-04,Quarter1,Sunday,1,26.16,2.0,63,0.0,1033.0,59.0,0.800318644,0.8
2015-01-04,Quarter1,Sunday,2,28.08,2.0,50,0.0,782.0,55.5,0.800237838,0.8
2015-01-04,Quarter1,Sunday,12,11.61,3.75,50,0.0,1216.0,31.0,0.800030199,0.8
2015-01-04,Quarter1,Sunday,11,19.31,2.0,45,0.0,513.0,54.0,0.750348457,0.75
2015-01-04,Quarter1,Sunday,3,19.87,2.0,45,0.0,734.0,55.0,0.75024303,0.75
2015-01-04,Quarter1,Sunday,10,28.08,2.0,40,0.0,1202.0,57.5,0.699965217,0.7
2015-01-04,Quarter1,Sunday,5,45.67,2.0,26,0.0,884.0,58.0,0.603432184,0.7
2015-01-05,Quarter1,Monday,9,26.16,2.0,75,0.0,1227.0,59.0,0.850569492,0.8
2015-01-05,Quarter1,Monday,7,25.9,2.0,50,0.0,1255.0,56.5,0.800684366,0.8
2015-01-05,Quarter1,Monday,8,25.9,2.0,38,0.0,1047.0,56.5,0.800684366,0.8
2015-01-05,Quarter1,Monday,1,26.16,2.0,63,0.0,1138.0,59.0,0.800318644,0.8
2015-01-05,Quarter1,Monday,11,19.31,1.4545454545454546,50,0.0,678.0,55.0,0.800250962,0.8
2015-01-05,Quarter1,Monday,6,11.61,3.75,50,0.0,712.0,32.0,0.800246011,0.8
2015-01-05,Quarter1,Monday,12,11.61,3.75,50,0.0,1037.0,32.0,0.800246011,0.8
2015-01-05,Quarter1,Monday,2,28.08,2.0,50,0.0,757.0,57.5,0.800076522,0.8
2015-01-05,Quarter1,Monday,4,28.08,2.0,50,0.0,759.0,57.5,0.800076522,0.8
2015-01-05,Quarter1,Monday,10,28.08,2.0,45,0.0,1083.0,58.5,0.7504,0.75
2015-01-05,Quarter1,Monday,3,19.87,2.0,45,0.0,944.0,55.0,0.75024303,0.75
2015-01-05,Quarter1,Monday,5,21.98,2.0,23,0.0,666.0,58.0,0.600028736,0.6
2015-01-06,Quarter1,Tuesday,1,26.16,3.0,75,0.0,1187.0,59.0,0.850502311,0.8
2015-01-06,Quarter1,Tuesday,9,26.16,3.0,75,0.0,1305.0,59.0,0.850502311,0.8
2015-01-06,Quarter1,Tuesday,2,28.08,3.0,50,0.0,716.0,57.5,0.800594466,0.8
2015-01-06,Quarter1,Tuesday,4,28.08,3.0,50,0.0,925.0,57.5,0.800594466,0.8
2015-01-06,Quarter1,Tuesday,3,19.87,3.0,50,0.0,963.0,55.0,0.800273829,0.8
2015-01-06,Quarter1,Tuesday,12,11.61,2.8095238095238093,50,0.0,1101.0,31.5,0.800140969,0.8
2015-01-06,Quarter1,Tuesday,7,25.9,3.0,38,0.0,1035.0,56.5,0.800128721,0.8
2015-01-06,Quarter1,Tuesday,8,25.9,3.0,38,0.0,1083.0,56.5,0.800128721,0.8
2015-01-06,Quarter1,Tuesday,6,11.61,2.365079365079365,38,0.0,910.0,31.5,0.80007657,0.8
2015-01-06,Quarter1,Tuesday,10,28.08,3.0,45,0.0,1209.0,58.5,0.750545455,0.75
2015-01-06,Quarter1,Tuesday,11,19.31,3.0,45,0.0,590.0,55.0,0.750057851,0.75
2015-01-06,Quarter1,Tuesday,5,21.98,3.0,35,0.0,808.0,58.0,0.649983281,0.65
2015-01-07,Quarter1,Wednesday,1,26.16,3.0,75,0.0,1179.0,59.0,0.850502311,0.8
2015-01-07,Quarter1,Wednesday,9,26.16,3.0,75,0.0,1324.0,59.0,0.850502311,0.8
2015-01-07,Quarter1,Wednesday,8,25.9,3.0,60,0.0,1135.0,56.5,0.850136766,0.8
2015-01-07,Quarter1,Wednesday,2,28.08,3.0,63,0.0,776.0,57.5,0.800594466,0.8
2015-01-07,Quarter1,Wednesday,4,28.08,3.0,50,0.0,990.0,57.5,0.800594466,0.8
2015-01-07,Quarter1,Wednesday,6,11.41,3.0,50,0.0,986.0,30.5,0.800343766,0.8
2015-01-07,Quarter1,Wednesday,3,19.87,3.0,50,0.0,924.0,55.0,0.800273829,0.8
2015-01-07,Quarter1,Wednesday,12,11.61,3.0,50,0.0,1120.0,31.5,0.800246753,0.8
2015-01-07,Quarter1,Wednesday,7,25.9,3.0,50,0.0,1066.0,56.5,0.800128721,0.8
2015-01-07,Quarter1,Wednesday,10,28.08,3.0,69,0.0,1144.0,58.5,0.8,0.75
2015-01-07,Quarter1,Wednesday,5,21.98,2.793103448275862,40,0.0,413.0,58.0,0.700480831,0.7
2015-01-07,Quarter1,Wednesday,11,31.83,3.0,40,0.0,568.0,55.0,0.412119835,0.8
2015-01-08,Quarter2,Thursday,9,26.16,3.0,88,0.0,1216.0,59.0,0.900215716,0.8
2015-01-08,Quarter2,Thursday,1,26.16,3.0,75,0.0,1189.0,59.0,0.850502311,0.8
2015-01-08,Quarter2,Thursday,4,28.08,3.0,75,0.0,942.0,58.5,0.850181818,0.8
2015-01-08,Quarter2,Thursday,7,25.9,3.0,60,0.0,1050.0,56.5,0.850136766,0.8
2015-01-08,Quarter2,Thursday,8,25.9,3.0,60,0.0,1026.0,56.5,0.850136766,0.8
2015-01-08,Quarter2,Thursday,2,28.08,2.8632478632478633,63,0.0,783.0,58.5,0.800497246,0.8
2015-01-08,Quarter2,Thursday,3,19.87,3.0,50,0.0,857.0,55.0,0.800273829,0.8
2015-01-08,Quarter2,Thursday,12,11.61,8.0,63,0.0,548.0,31.5,0.800107143,0.8
2015-01-08,Quarter2,Thursday,6,11.41,8.0,50,0.0,411.0,30.5,0.800024932,0.8
2015-01-08,Quarter2,Thursday,10,28.08,3.0,69,0.0,1066.0,58.5,0.8,0.75
2015-01-08,Quarter2,Thursday,11,12.52,8.0,38,0.0,287.0,54.0,0.349951389,0.35
2015-01-08,Quarter2,Thursday,5,42.41,3.0,0,0.0,724.0,57.0,0.233705476,0.7
2015-01-10,Quarter2,Saturday,9,26.16,3.0,75,0.0,1122.0,59.0,0.851174114,0.8
2015-01-10,Quarter2,Saturday,7,25.9,3.0,60,0.0,970.0,56.5,0.850136766,0.8
2015-01-10,Quarter2,Saturday,8,25.9,3.0,60,0.0,1158.0,56.5,0.850136766,0.8
2015-01-10,Quarter2,Saturday,4,28.08,3.0,63,0.0,660.0,58.0,0.801028213,0.8
2015-01-10,Quarter2,Saturday,2,28.08,3.0,63,0.0,749.0,57.5,0.800594466,0.8
2015-01-10,Quarter2,Saturday,12,11.61,2.492063492063492,50,0.0,893.0,31.5,0.800346445,0.8
2015-01-10,Quarter2,Saturday,6,11.41,3.0,50,0.0,887.0,30.5,0.800343766,0.8
2015-01-10,Quarter2,Saturday,1,26.16,3.0,63,0.0,1335.0,59.0,0.800117103,0.8
2015-01-10,Quarter2,Saturday,10,28.08,3.0,63,0.0,1082.0,58.5,0.8,0.8
2015-01-10,Quarter2,Saturday,3,19.87,2.107142857142857,45,0.0,1075.0,56.0,0.750098351,0.75
2015-01-10,Quarter2,Saturday,11,12.52,3.0,38,0.0,749.0,53.0,0.673245283,0.5
2015-01-10,Quarter2,Saturday,5,20.79,2.2857142857142856,0,0.0,966.0,56.0,0.388007813,0.5
2015-01-11,Quarter2,Sunday,9,26.16,3.0,88,0.0,1095.0,59.0,0.900215716,0.8
2015-01-11,Quarter2,Sunday,1,26.16,3.0,75,0.0,1383.0,59.0,0.850502311,0.8
2015-01-11,Quarter2,Sunday,7,25.9,3.0,45,0.0,1012.0,56.5,0.850136766,0.8
2015-01-11,Quarter2,Sunday,8,25.9,3.0,60,0.0,1209.0,56.5,0.850136766,0.8
2015-01-11,Quarter2,Sunday,6,11.41,3.0,50,0.0,887.0,30.5,0.800343766,0.8
2015-01-11,Quarter2,Sunday,12,11.61,3.0,50,0.0,896.0,31.5,0.800246753,0.8
2015-01-11,Quarter2,Sunday,2,28.08,3.0,63,0.0,805.0,58.5,0.8,0.8
2015-01-11,Quarter2,Sunday,10,28.08,3.0,38,0.0,762.0,58.5,0.8,0.8
2015-01-11,Quarter2,Sunday,3,19.87,1.9454545454545455,0,0.0,1043.0,55.0,0.690182815,0.8
2015-01-11,Quarter2,Sunday,11,12.52,3.0,30,0.0,831.0,53.0,0.600229846,0.6
2015-01-11,Quarter2,Sunday,4,50.48,3.0,0,0.0,562.0,58.0,0.473134796,0.8
2015-01-11,Quarter2,Sunday,5,20.79,2.3333333333333335,0,0.0,1208.0,57.0,0.452979626,0.6
2015-01-12,Quarter2,Monday,1,26.16,2.3220338983050848,75,0.0,1099.0,59.0,0.850522167,0.8
2015-01-12,Quarter2,Monday,9,26.16,3.0,75,0.0,1093.0,59.0,0.850502311,0.8
2015-01-12,Quarter2,Monday,7,25.9,3.0,60,0.0,1031.0,56.5,0.850136766,0.8
2015-01-12,Quarter2,Monday,8,25.9,3.0,60,0.0,1233.0,56.5,0.850136766,0.8
2015-01-12,Quarter2,Monday,3,19.87,3.0,0,0.0,941.0,55.0,0.800273829,0.8
2015-01-12,Quarter2,Monday,6,11.41,3.0,50,0.0,843.0,31.5,0.800181818,0.8
2015-01-12,Quarter2,Monday,12,11.61,2.365079365079365,50,0.0,760.0,31.5,0.80007657,0.8
2015-01-12,Quarter2,Monday,2,28.08,3.0,63,0.0,737.0,58.5,0.8,0.8
2015-01-12,Quarter2,Monday,10,50.48,1.9743589743589745,45,0.0,381.0,58.5,0.688557555,0.8
2015-01-12,Quarter2,Monday,5,20.79,2.389830508474576,0,0.0,1141.0,59.0,0.650040783,0.65
2015-01-12,Quarter2,Monday,11,12.52,3.0,44,0.0,1004.0,53.0,0.64998056,0.65
2015-01-12,Quarter2,Monday,4,22.4,2.378640776699029,0,0.0,581.0,51.5,0.35063299,0.35
2015-01-13,Quarter2,Tuesday,1,26.16,3.0,75,0.0,1073.0,59.0,0.850502311,0.8
2015-01-13,Quarter2,Tuesday,9,26.16,3.0,75,0.0,1156.0,59.0,0.850502311,0.8
2015-01-13,Quarter2,Tuesday,8,25.9,3.0,60,0.0,1211.0,57.0,0.850252525,0.8
2015-01-13,Quarter2,Tuesday,7,25.9,3.0,60,0.0,1126.0,56.5,0.850136766,0.8
2015-01-13,Quarter2,Tuesday,6,11.61,3.0,50,0.0,1004.0,31.5,0.800246753,0.8
2015-01-13,Quarter2,Tuesday,12,11.61,3.0,50,0.0,1063.0,31.5,0.800246753,0.8
2015-01-13,Quarter2,Tuesday,2,28.08,3.0,50,0.0,723.0,58.5,0.8,0.8
2015-01-13,Quarter2,Tuesday,3,42.27,3.0,54,0.0,465.0,55.0,0.705576584,0.8
2015-01-13,Quarter2,Tuesday,11,27.13,3.0,37,0.0,530.0,53.0,0.582301029,0.7
2015-01-13,Quarter2,Tuesday,5,20.79,3.0,0,0.0,1297.0,58.0,0.526810345,0.7
2015-01-13,Quarter2,Tuesday,4,22.4,3.0,23,0.0,783.0,56.5,0.500380799,0.5
2015-01-13,Quarter2,Tuesday,10,22.4,3.0,23,0.0,715.0,56.5,0.35020649,0.35
2015-01-14,Quarter2,Wednesday,7,25.9,3.0,70,0.0,1150.0,56.5,0.900144811,0.8
2015-01-14,Quarter2,Wednesday,9,26.16,3.0,75,0.0,1232.0,59.0,0.850502311,0.8
2015-01-14,Quarter2,Wednesday,8,25.9,3.0,60,0.0,1218.0,56.5,0.850136766,0.8
2015-01-14,Quarter2,Wednesday,12,11.61,1.5714285714285714,50,0.0,1159.0,31.5,0.800313433,0.8
2015-01-14,Quarter2,Wednesday,6,11.61,3.0,38,0.0,972.0,31.5,0.800246753,0.8
2015-01-14,Quarter2,Wednesday,1,26.16,3.0,63,0.0,1092.0,59.0,0.800117103,0.8
2015-01-14,Quarter2,Wednesday,5,20.79,2.103448275862069,0,0.0,965.0,58.0,0.700095563,0.7
2015-01-14,Quarter2,Wednesday,4,22.4,1.4912280701754386,23,0.0,816.0,57.0,0.600369686,0.6
2015-01-14,Quarter2,Wednesday,10,22.4,1.0,23,0.0,947.0,56.5,0.499980334,0.5
2015-01-14,Quarter2,Wednesday,11,14.61,2.1818181818181817,23,0.0,838.0,55.0,0.35003125,0.35
2015-01-14,Quarter2,Wednesday,2,51.02,1.2456140350877194,27,0.0,1086.0,57.0,0.311207464,0.8
2015-01-15,Quarter3,Thursday,1,26.16,3.0,75,0.0,1160.0,59.0,0.850502311,0.8
2015-01-15,Quarter3,Thursday,8,25.9,2.646017699115044,60,0.0,1177.0,56.5,0.850415628,0.8
2015-01-15,Quarter3,Thursday,7,25.9,3.0,60,0.0,1281.0,56.5,0.850136766,0.8
2015-01-15,Quarter3,Thursday,9,26.16,3.0,63,0.0,1369.0,59.0,0.800117103,0.8
2015-01-15,Quarter3,Thursday,6,11.61,2.619047619047619,38,0.0,1084.0,31.5,0.80003139,0.8
2015-01-15,Quarter3,Thursday,12,11.61,2.619047619047619,50,0.0,1216.0,31.5,0.80003139,0.8
2015-01-15,Quarter3,Thursday,5,20.79,3.0,0,0.0,391.0,58.0,0.700060345,0.7
2015-01-15,Quarter3,Thursday,3,22.52,3.0,30,0.0,1102.0,56.5,0.660683293,0.5
2015-01-15,Quarter3,Thursday,4,22.52,3.0,26,0.0,872.0,56.0,0.650130952,0.65
2015-01-15,Quarter3,Thursday,10,22.52,3.0,23,0.0,1076.0,56.5,0.600291767,0.6
2015-01-15,Quarter3,Thursday,11,14.89,3.0,30,0.0,917.0,55.0,0.500025069,0.5
2015-01-15,Quarter3,Thursday,2,22.94,3.0,23,0.0,1044.0,54.5,0.499998888,0.5
2015-01-17,Quarter3,Saturday,6,11.41,3.0,63,0.0,1067.0,30.5,0.800343766,0.8
2015-01-17,Quarter3,Saturday,12,11.61,3.0,63,0.0,1039.0,31.5,0.800246753,0.8
2015-01-17,Quarter3,Saturday,7,25.9,3.0,50,0.0,1396.0,56.5,0.800128721,0.8
2015-01-17,Quarter3,Saturday,8,25.9,3.0,50,0.0,1292.0,56.5,0.800128721,0.8
2015-01-17,Quarter3,Saturday,1,48.68,3.0,63,0.0,171.0,59.0,0.800117103,0.8
2015-01-17,Quarter3,Saturday,9,26.16,3.0,63,0.0,1128.0,59.0,0.800117103,0.8
2015-01-17,Quarter3,Saturday,2,22.94,1.9380530973451326,23,0.0,865.0,56.5,0.77011398,0.6
2015-01-17,Quarter3,Saturday,4,22.52,3.0,50,0.0,825.0,56.5,0.7005417,0.7
2015-01-17,Quarter3,Saturday,10,22.52,3.0,35,0.0,1163.0,54.0,0.650198653,0.65
2015-01-17,Quarter3,Saturday,3,22.52,3.0,30,0.0,1140.0,56.5,0.600291767,0.6
2015-01-17,Quarter3,Saturday,11,14.89,3.0,38,0.0,1027.0,56.0,0.600273268,0.6
2015-01-17,Quarter3,Saturday,5,41.19,3.0,21,0.0,1052.0,58.0,0.452012539,0.7
2015-01-18,Quarter3,Sunday,6,11.41,3.0,63,0.0,1140.0,30.5,0.800343766,0.8
2015-01-18,Quarter3,Sunday,7,48.84,3.0,50,0.0,624.0,56.5,0.800128721,0.8
2015-01-18,Quarter3,Sunday,8,25.9,3.0,38,0.0,1288.0,56.5,0.800128721,0.8
2015-01-18,Quarter3,Sunday,9,26.16,1.0338983050847457,50,0.0,1381.0,59.0,0.800015009,0.8
2015-01-18,Quarter3,Sunday,4,22.52,3.0,50,0.0,882.0,56.5,0.7005417,0.7
2015-01-18,Quarter3,Sunday,10,22.52,3.0,40,0.0,1002.0,56.0,0.700094156,0.7
2015-01-18,Quarter3,Sunday,12,26.87,3.0,56,0.0,585.0,31.5,0.662255892,0.8
2015-01-18,Quarter3,Sunday,3,22.52,3.0,35,0.0,1138.0,56.5,0.650416734,0.65
2015-01-18,Quarter3,Sunday,11,14.89,3.0,44,0.0,1140.0,57.0,0.650299575,0.65
2015-01-18,Quarter3,Sunday,2,22.94,3.0,26,0.0,1025.0,56.5,0.650243497,0.65
2015-01-18,Quarter3,Sunday,5,20.4,3.0,30,0.0,1031.0,58.0,0.600062696,0.6
2015-01-18,Quarter3,Sunday,1,49.1,3.0,24,0.0,1381.0,57.5,0.403242161,0.8
2015-01-19,Quarter3,Monday,6,11.41,2.3548387096774195,50,0.0,1028.0,31.0,0.800358775,0.8
2015-01-19,Quarter3,Monday,8,25.9,1.0707964601769913,50,0.0,1380.0,56.5,0.800162602,0.8
2015-01-19,Quarter3,Monday,9,26.16,3.0,63,0.0,1196.0,59.0,0.800117103,0.8
2015-01-19,Quarter3,Monday,2,22.94,3.0,38,0.0,1006.0,56.5,0.750517565,0.7
2015-01-19,Quarter3,Monday,4,22.52,3.0,63,0.0,930.0,57.0,0.750068049,0.7
2015-01-19,Quarter3,Monday,3,22.52,3.0,50,0.0,1095.0,56.5,0.750062751,0.7
2015-01-19,Quarter3,Monday,10,22.52,3.0,63,0.0,938.0,56.0,0.750057359,0.7
2015-01-19,Quarter3,Monday,11,14.89,3.0,50,0.0,1484.0,57.0,0.700170388,0.7
2015-01-19,Quarter3,Monday,5,20.4,2.3793103448275863,35,0.0,1255.0,58.0,0.650066445,0.65
2015-01-19,Quarter3,Monday,7,48.84,3.0,30,0.0,1040.0,57.0,0.576460393,0.8
2015-01-19,Quarter3,Monday,1,22.94,3.0,30,0.0,1492.0,56.5,0.549969429,0.5
2015-01-19,Quarter3,Monday,12,15.26,3.0,23,0.0,1111.0,34.0,0.35021836,0.35
2015-01-20,Quarter3,Tuesday,6,11.41,3.0,63,0.0,1047.0,31.0,0.800261486,0.8
2015-01-20,Quarter3,Tuesday,8,25.9,3.0,50,0.0,1434.0,56.5,0.800128721,0.8
2015-01-20,Quarter3,Tuesday,9,26.16,3.0,63,0.0,399.0,59.0,0.800117103,0.8
2015-01-20,Quarter3,Tuesday,4,22.52,3.0,63,0.0,983.0,57.0,0.750068049,0.7
2015-01-20,Quarter3,Tuesday,10,22.52,3.0,63,0.0,1108.0,56.0,0.750057359,0.7
2015-01-20,Quarter3,Tuesday,3,22.52,2.473684210526316,50,0.0,1134.0,57.0,0.750037968,0.7
2015-01-20,Quarter3,Tuesday,2,22.94,3.0,50,0.0,1363.0,57.0,0.750031898,0.7
2015-01-20,Quarter3,Tuesday,11,14.89,3.0,50,0.0,1501.0,57.0,0.700170388,0.7
2015-01-20,Quarter3,Tuesday,5,20.4,3.0,50,0.0,1352.0,57.0,0.700063796,0.7
2015-01-20,Quarter3,Tuesday,12,15.26,1.8235294117647058,23,0.0,1352.0,34.0,0.500290419,0.5
2015-01-20,Quarter3,Tuesday,7,22.94,3.0,30,0.0,1450.0,56.0,0.400332792,0.35
2015-01-21,Quarter3,Wednesday,4,22.52,3.0,94,0.0,825.0,56.0,0.900556277,0.75
2015-01-21,Quarter3,Wednesday,6,11.61,1.0786516853932584,75,0.0,916.0,89.0,0.850410511,0.8
2015-01-21,Quarter3,Wednesday,8,25.9,2.2035398230088497,38,0.0,562.0,56.5,0.800436542,0.8
2015-01-21,Quarter3,Wednesday,2,22.94,3.0701754385964914,60,0.0,1422.0,57.0,0.800415742,0.7
2015-01-21,Quarter3,Wednesday,10,22.52,3.0,75,0.0,1206.0,56.0,0.800020563,0.7
2015-01-21,Quarter3,Wednesday,5,20.4,3.0,50,0.0,1404.0,58.0,0.750344828,0.7
2015-01-21,Quarter3,Wednesday,3,22.52,3.0,63,0.0,1139.0,57.0,0.750068049,0.7
2015-01-21,Quarter3,Wednesday,11,14.89,3.0,50,0.0,1735.0,57.0,0.700170388,0.7
2015-01-21,Quarter3,Wednesday,1,22.94,3.0,34,0.0,1595.0,57.0,0.700029771,0.65
2015-01-21,Quarter3,Wednesday,12,15.26,3.1176470588235294,23,0.0,1245.0,34.0,0.60017284,0.6
2015-01-21,Quarter3,Wednesday,9,54.56,1.1896551724137931,29,0.0,757.0,58.0,0.520237649,0.8
2015-01-21,Quarter3,Wednesday,7,22.52,3.0,23,0.0,1720.0,56.0,0.500241342,0.5
2015-01-22,Quarter4,Thursday,4,22.52,3.0,81,0.0,759.0,56.0,0.849983766,0.75
2015-01-22,Quarter4,Thursday,2,22.94,3.1052631578947367,60,0.0,1510.0,57.0,0.800302791,0.7
2015-01-22,Quarter4,Thursday,6,11.61,3.3125,63,0.0,955.0,32.0,0.800191989,0.8
2015-01-22,Quarter4,Thursday,10,22.52,3.0,55,0.0,1328.0,56.0,0.800020563,0.75
2015-01-22,Quarter4,Thursday,1,22.94,3.56140350877193,63,0.0,1384.0,57.0,0.750162367,0.7
2015-01-22,Quarter4,Thursday,3,22.52,3.0,63,0.0,1244.0,57.0,0.750068049,0.7
2015-01-22,Quarter4,Thursday,5,20.4,3.0,40,0.0,1480.0,58.0,0.700250784,0.7
2015-01-22,Quarter4,Thursday,11,14.89,3.0,50,0.0,1863.0,57.0,0.700170388,0.7
2015-01-22,Quarter4,Thursday,12,15.26,3.411764705882353,23,0.0,1492.0,34.0,0.600436426,0.6
2015-01-22,Quarter4,Thursday,7,22.52,3.0,23,0.0,1859.0,57.0,0.60041361,0.6
2015-01-22,Quarter4,Thursday,8,40.99,3.1769911504424777,30,0.0,980.0,56.5,0.555500132,0.8
2015-01-22,Quarter4,Thursday,9,29.12,3.0,30,0.0,970.0,58.0,0.500547544,0.5
2015-01-24,Quarter4,Saturday,2,22.94,3.0,94,0.0,1606.0,57.0,0.90064806,0.75
2015-01-24,Quarter4,Saturday,4,22.52,3.0,94,0.0,727.0,57.0,0.900321106,0.75
2015-01-24,Quarter4,Saturday,1,22.94,3.0,75,0.0,1472.0,57.0,0.800643806,0.7
2015-01-24,Quarter4,Saturday,10,22.52,3.0,69,0.0,1332.0,56.0,0.80062987,0.75
2015-01-24,Quarter4,Saturday,6,11.61,2.9375,63,0.0,1009.0,32.0,0.800537143,0.8
2015-01-24,Quarter4,Saturday,3,22.52,3.0,69,0.0,1266.0,57.0,0.80035194,0.75
2015-01-24,Quarter4,Saturday,12,15.26,3.0,40,0.0,1316.0,34.0,0.750079323,0.75
2015-01-24,Quarter4,Saturday,11,42.97,3.0,56,0.0,1282.0,57.0,0.750041201,0.75
2015-01-24,Quarter4,Saturday,5,20.4,3.0,50,0.0,1382.0,58.0,0.700250784,0.7
2015-01-24,Quarter4,Saturday,7,22.52,3.0,26,0.0,1295.0,56.5,0.650416734,0.65
2015-01-24,Quarter4,Saturday,9,29.12,1.9137931034482758,23,0.0,925.0,58.0,0.600125217,0.6
2015-01-24,Quarter4,Saturday,8,15.09,3.0,23,0.0,1448.0,52.0,0.34998951,0.35
2015-01-25,Quarter4,Sunday,4,22.52,3.0,94,0.0,867.0,57.0,0.900321106,0.75
2015-01-25,Quarter4,Sunday,2,22.94,3.0,81,0.0,1636.0,58.5,0.850223776,0.75
2015-01-25,Quarter4,Sunday,1,22.94,3.0,75,0.0,1682.0,58.5,0.800909609,0.7
2015-01-25,Quarter4,Sunday,3,22.52,3.0,55,0.0,1495.0,57.5,0.800513307,0.75
2015-01-25,Quarter4,Sunday,6,11.61,3.0,63,0.0,1181.0,32.0,0.800386364,0.8
2015-01-25,Quarter4,Sunday,10,22.52,3.0,69,0.0,1413.0,56.0,0.800020563,0.75
2015-01-25,Quarter4,Sunday,7,22.52,3.0,40,0.0,360.0,56.5,0.7005417,0.7
2015-01-25,Quarter4,Sunday,12,15.26,3.0,40,0.0,1296.0,34.0,0.70043672,0.7
2015-01-25,Quarter4,Sunday,5,20.4,3.0,50,0.0,1217.0,58.0,0.700250784,0.7
2015-01-25,Quarter4,Sunday,9,29.12,3.0,26,0.0,1086.0,58.0,0.650407524,0.65
2015-01-25,Quarter4,Sunday,11,42.97,3.0,40,0.0,532.0,57.0,0.59114168,0.75
2015-01-25,Quarter4,Sunday,8,15.09,0.23076923076923078,23,0.0,1557.0,52.0,0.500061916,0.5
2015-01-26,Quarter4,Monday,4,22.52,3.0,60,0.0,1016.0,56.5,0.850312684,0.8
2015-01-26,Quarter4,Monday,6,11.61,3.0,50,0.0,1072.0,32.0,0.800386364,0.8
2015-01-26,Quarter4,Monday,3,22.52,3.0,69,0.0,1584.0,57.0,0.80035194,0.75
2015-01-26,Quarter4,Monday,2,22.94,3.0,55,0.0,1764.0,57.0,0.800034024,0.75
2015-01-26,Quarter4,Monday,1,22.94,3.0,60,0.0,1745.0,58.0,0.800023511,0.7
2015-01-26,Quarter4,Monday,10,22.52,3.0,55,0.0,1250.0,56.0,0.800020563,0.75
2015-01-26,Quarter4,Monday,5,20.4,2.9655172413793105,56,0.0,1118.0,58.0,0.750031447,0.75
2015-01-26,Quarter4,Monday,9,29.12,3.0,40,0.0,1143.0,58.0,0.70061442,0.7
2015-01-26,Quarter4,Monday,12,15.26,3.0,40,0.0,1337.0,34.0,0.70043672,0.7
2015-01-26,Quarter4,Monday,8,15.09,0.11538461538461539,23,0.0,1519.0,52.0,0.600143365,0.6
2015-01-26,Quarter4,Monday,11,28.08,3.0,23,0.0,749.0,57.0,0.350066986,0.35
2015-01-27,Quarter4,Tuesday,2,22.52,2.0,119,0.0,1635.0,57.0,1.000230409,0.75
2015-01-27,Quarter4,Tuesday,3,22.52,2.0,119,0.0,1299.0,57.0,1.000230409,0.75
2015-01-27,Quarter4,Tuesday,10,22.52,2.0,70,0.0,1134.0,56.0,0.900129762,0.8
2015-01-27,Quarter4,Tuesday,4,22.52,2.0,60,0.0,1106.0,56.5,0.850312684,0.8
2015-01-27,Quarter4,Tuesday,1,22.94,2.0,55,0.0,1871.0,58.0,0.800263218,0.75
2015-01-27,Quarter4,Tuesday,9,29.12,2.0,50,0.0,1294.0,58.0,0.700386207,0.7
2015-01-27,Quarter4,Tuesday,12,15.26,2.0,40,0.0,1462.0,34.0,0.700164706,0.7
2015-01-27,Quarter4,Tuesday,8,15.09,0.07692307692307693,23,0.0,976.0,52.0,0.650307143,0.65
2015-01-27,Quarter4,Tuesday,6,30.4,2.0,34,0.0,338.0,32.0,0.622828125,0.8
2015-01-27,Quarter4,Tuesday,5,20.79,2.0,30,0.0,1455.0,58.0,0.500035345,0.5
2015-01-27,Quarter4,Tuesday,11,48.18,2.0,23,0.0,1282.0,54.0,0.37046657,0.5
2015-01-28,Quarter4,Wednesday,2,22.52,2.0,90,0.0,1559.0,57.0,1.000230409,0.8
2015-01-28,Quarter4,Wednesday,3,22.52,2.0,113,0.0,1350.0,57.0,1.000230409,0.8
2015-01-28,Quarter4,Wednesday,10,22.52,2.0,60,0.0,1175.0,56.0,0.850532143,0.8
2015-01-28,Quarter4,Wednesday,1,22.94,2.0,81,0.0,1868.0,58.0,0.850362069,0.75
2015-01-28,Quarter4,Wednesday,5,20.79,2.0,88,0.0,1045.0,58.0,0.800534483,0.6
2015-01-28,Quarter4,Wednesday,4,22.52,2.0,50,0.0,1342.0,56.5,0.800489676,0.8
2015-01-28,Quarter4,Wednesday,9,29.12,2.0,63,0.0,1340.0,58.0,0.750593103,0.7
2015-01-28,Quarter4,Wednesday,12,15.26,1.7142857142857142,45,0.0,1429.0,35.0,0.750283333,0.75
2015-01-28,Quarter4,Wednesday,11,20.1,1.8148148148148149,46,0.0,1413.0,54.0,0.500567308,0.5
2015-01-28,Quarter4,Wednesday,8,38.09,2.0,0,0.0,336.0,52.0,0.467693269,0.7
2015-01-28,Quarter4,Wednesday,6,18.79,0.9375,23,0.0,511.0,32.0,0.437995338,0.35
2015-01-28,Quarter4,Wednesday,7,23.54,2.0,0,0.0,958.0,55.0,0.285333333,0.6
2015-01-29,Quarter5,Thursday,2,22.52,2.0,113,0.0,1416.0,57.0,1.000230409,0.8
2015-01-29,Quarter5,Thursday,3,22.52,2.0,100,0.0,1287.0,57.0,0.950185965,0.8
2015-01-29,Quarter5,Thursday,4,22.52,2.0,88,0.0,1444.0,57.5,0.9008,0.8
2015-01-29,Quarter5,Thursday,10,22.52,2.0,88,0.0,1088.0,56.0,0.900129762,0.8
2015-01-29,Quarter5,Thursday,1,22.94,2.0,81,0.0,1579.0,58.0,0.850362069,0.75
2015-01-29,Quarter5,Thursday,9,29.12,2.0,53,0.0,1170.0,58.0,0.850170115,0.7
2015-01-29,Quarter5,Thursday,5,20.79,2.0,81,0.0,1015.0,59.0,0.800473729,0.65
2015-01-29,Quarter5,Thursday,12,15.26,2.0,45,0.0,1436.0,35.0,0.750646667,0.75
2015-01-29,Quarter5,Thursday,11,20.1,1.411764705882353,46,0.0,1601.0,51.0,0.60059761,0.6
2015-01-29,Quarter5,Thursday,6,18.79,2.0,23,0.0,717.0,33.0,0.500117677,0.5
2015-01-29,Quarter5,Thursday,7,23.54,2.0,0,0.0,830.0,55.0,0.48792,0.65
2015-01-31,Quarter5,Saturday,3,22.52,2.0,113,0.0,1136.0,58.0,1.000457471,0.8
2015-01-31,Quarter5,Saturday,2,22.52,2.0,113,0.0,1397.0,57.0,1.000230409,0.8
2015-01-31,Quarter5,Saturday,10,22.52,2.0,93,0.0,1116.0,56.0,0.920236905,0.8
2015-01-31,Quarter5,Saturday,4,22.52,1.9304347826086956,88,0.0,1432.0,57.5,0.900537069,0.8
2015-01-31,Quarter5,Saturday,9,29.12,2.0,81,0.0,1082.0,57.0,0.850610526,0.75
2015-01-31,Quarter5,Saturday,1,22.94,2.0,81,0.0,1502.0,58.0,0.850362069,0.75
2015-01-31,Quarter5,Saturday,12,15.26,2.0,45,0.0,1209.0,35.0,0.750646667,0.75
2015-01-31,Quarter5,Saturday,5,50.89,1.6610169491525424,56,0.0,282.0,59.0,0.656763743,0.7
2015-01-31,Quarter5,Saturday,11,20.1,2.0,49,0.0,1417.0,54.0,0.650148148,0.65
2015-01-31,Quarter5,Saturday,6,18.79,2.0,23,0.0,799.0,33.0,0.600710606,0.6
2015-01-31,Quarter5,Saturday,7,23.54,2.0,0,0.0,1109.0,56.0,0.388830357,0.7
2015-01-31,Quarter5,Saturday,8,23.54,2.0,0,0.0,1144.0,54.0,0.286984568,0.5
2015-02-01,Quarter1,Sunday,2,22.52,2.0,113,0.0,1396.0,57.5,1.000671304,0.8
2015-02-01,Quarter1,Sunday,1,22.94,0.8717948717948718,113,0.0,1582.0,58.5,1.000402055,0.8
2015-02-01,Quarter1,Sunday,3,22.52,2.0,100,0.0,1124.0,57.0,0.950185965,0.8
2015-02-01,Quarter1,Sunday,10,22.52,2.0,75,0.0,1282.0,56.0,0.850532143,0.8
2015-02-01,Quarter1,Sunday,4,22.52,2.0,60,0.0,1472.0,58.5,0.85011396,0.8
2015-02-01,Quarter1,Sunday,9,29.12,2.0,45,0.0,1282.0,58.0,0.750593103,0.75
2015-02-01,Quarter1,Sunday,12,15.26,0.6857142857142857,45,0.0,1276.0,35.0,0.750450658,0.75
2015-02-01,Quarter1,Sunday,11,20.1,1.8888888888888888,75,0.0,1192.0,54.0,0.700508929,0.7
2015-02-01,Quarter1,Sunday,6,18.79,2.0,26,0.0,881.0,33.0,0.651007071,0.65
2015-02-01,Quarter1,Sunday,8,24.26,2.0,0,0.0,1196.0,55.0,0.466821212,0.6
2015-02-01,Quarter1,Sunday,7,24.26,2.0,0,0.0,1400.0,56.0,0.411553571,0.7
2015-02-02,Quarter1,Monday,1,22.94,2.0,113,0.0,16882.0,58.5,1.000602279,0.8
2015-02-02,Quarter1,Monday,2,22.52,2.0,88,0.0,21385.0,58.5,0.900158405,0.8
2015-02-02,Quarter1,Monday,3,22.52,2.0,70,0.0,21266.0,57.0,0.90014152,0.8
2015-02-02,Quarter1,Monday,10,22.52,2.0,88,0.0,21540.0,56.0,0.900129762,0.8
2015-02-02,Quarter1,Monday,12,15.26,1.7142857142857142,63,0.0,12261.0,35.0,0.800401961,0.8
2015-02-02,Quarter1,Monday,4,22.52,1.752212389380531,50,0.0,23122.0,56.5,0.800393224,0.8
2015-02-02,Quarter1,Monday,9,29.12,2.0,55,0.0,8992.0,58.0,0.799963218,0.75
2015-02-02,Quarter1,Monday,11,20.55,2.0,60,0.0,9792.0,54.0,0.700398148,0.7
2015-02-02,Quarter1,Monday,6,18.79,2.0,30,0.0,2984.0,33.0,0.700354545,0.7
2015-02-02,Quarter1,Monday,5,30.1,2.0,0,0.0,839.0,58.0,0.500801724,0.5
2015-02-02,Quarter1,Monday,7,24.26,2.0,0,0.0,2698.0,56.0,0.295307738,0.7
2015-02-02,Quarter1,Monday,8,24.26,2.0,0,0.0,1435.0,55.0,0.260978788,0.65
2015-02-03,Quarter1,Tuesday,1,22.52,2.0,113,0.0,1500.0,57.5,1.000018551,0.8
2015-02-03,Quarter1,Tuesday,10,22.52,2.0,90,0.0,1188.0,56.0,0.999995238,0.8
2015-02-03,Quarter1,Tuesday,3,22.52,2.0,100,0.0,1112.0,57.0,0.950185965,0.8
2015-02-03,Quarter1,Tuesday,2,22.52,2.0,100,0.0,1452.0,58.0,0.949981609,0.8
2015-02-03,Quarter1,Tuesday,4,22.52,1.6106194690265487,63,0.0,340.0,56.5,0.800434622,0.8
2015-02-03,Quarter1,Tuesday,12,15.26,0.9714285714285714,50,0.0,1029.0,35.0,0.800259023,0.8
2015-02-03,Quarter1,Tuesday,9,29.12,2.0,34,0.0,1070.0,58.0,0.750593103,0.75
2015-02-03,Quarter1,Tuesday,11,25.31,1.7777777777777777,60,0.0,946.0,54.0,0.700513566,0.7
2015-02-03,Quarter1,Tuesday,6,18.79,2.0,30,0.0,913.0,33.5,0.700184577,0.7
2015-02-03,Quarter1,Tuesday,8,24.26,2.0,0,0.0,1363.0,55.5,0.586465465,0.7
2015-02-03,Quarter1,Tuesday,7,24.26,2.0,0,0.0,1639.0,56.0,0.541517857,0.7
2015-02-03,Quarter1,Tuesday,5,30.1,2.0,0,0.0,415.0,58.0,0.415172414,0.6
2015-02-04,Quarter1,Wednesday,2,22.52,2.0,100,0.0,1263.0,57.5,1.05028058,0.8
2015-02-04,Quarter1,Wednesday,3,22.52,2.0,113,0.0,968.0,57.0,1.000230409,0.8
2015-02-04,Quarter1,Wednesday,10,22.52,2.0,113,0.0,1108.0,56.0,0.999995238,0.8
2015-02-04,Quarter1,Wednesday,1,22.52,2.0,88,0.0,1532.0,57.5,0.900147246,0.8
2015-02-04,Quarter1,Wednesday,12,15.26,2.0,38,0.0,1094.0,34.0,0.800401961,0.8
2015-02-04,Quarter1,Wednesday,9,22.52,2.0,50,0.0,1086.0,58.0,0.799963218,0.8
2015-02-04,Quarter1,Wednesday,6,18.79,1.696969696969697,30,0.0,941.0,33.0,0.700710417,0.7
2015-02-04,Quarter1,Wednesday,7,24.26,2.0,0,0.0,1471.0,58.0,0.700612069,0.7
2015-02-04,Quarter1,Wednesday,11,10.05,1.9245283018867925,60,0.0,1042.0,53.0,0.700278846,0.7
2015-02-04,Quarter1,Wednesday,8,29.12,2.0,0,0.0,1248.0,57.0,0.700135088,0.7
2015-02-04,Quarter1,Wednesday,5,30.1,1.6581196581196582,0,90.0,326.0,58.5,0.650834808,0.65
2015-02-04,Quarter1,Wednesday,4,30.1,1.8198198198198199,23,150.0,287.0,55.5,0.350706422,0.35
2015-02-05,Quarter1,Thursday,2,22.52,2.0,113,0.0,1300.0,56.5,1.000446018,0.8
2015-02-05,Quarter1,Thursday,1,22.52,2.0,113,0.0,1485.0,57.5,1.000018551,0.8
2015-02-05,Quarter1,Thursday,10,22.52,2.0,113,0.0,1039.0,56.0,0.999995238,0.8
2015-02-05,Quarter1,Thursday,3,22.52,2.0,100,0.0,1063.0,57.0,0.950185965,0.8
2015-02-05,Quarter1,Thursday,12,15.26,0.35294117647058826,38,0.0,1083.0,34.0,0.800612676,0.8
2015-02-05,Quarter1,Thursday,9,29.12,2.0,50,0.0,1069.0,58.0,0.799963218,0.8
2015-02-05,Quarter1,Thursday,11,10.05,1.6153846153846154,34,0.0,668.0,26.0,0.7504,0.75
2015-02-05,Quarter1,Thursday,6,18.79,1.393939393939394,30,0.0,766.0,33.0,0.700079032,0.7
2015-02-05,Quarter1,Thursday,5,30.1,2.0,0,0.0,557.0,58.0,0.562212644,0.7
2015-02-05,Quarter1,Thursday,7,24.26,2.0,0,0.0,1608.0,58.0,0.522844828,0.07
2015-02-05,Quarter1,Thursday,4,30.1,2.0,23,0.0,417.0,53.0,0.500720126,0.5
2015-02-05,Quarter1,Thursday,8,24.26,2.0,0,0.0,1167.0,57.0,0.496549708,0.7
2015-02-07,Quarter1,Saturday,2,22.52,1.9827586206896552,113,0.0,1186.0,58.0,1.000018551,0.8
2015-02-07,Quarter1,Saturday,3,22.52,2.0,100,0.0,1060.0,57.0,0.950185965,0.8
2015-02-07,Quarter1,Saturday,1,22.52,1.9824561403508771,88,0.0,1534.0,57.0,0.900135693,0.8
2015-02-07,Quarter1,Saturday,10,22.52,2.0,88,0.0,1142.0,56.0,0.900129762,0.8
2015-02-07,Quarter1,Saturday,12,15.26,2.0,63,0.0,1021.0,34.0,0.800401961,0.8
2015-02-07,Quarter1,Saturday,9,29.12,2.0,50,0.0,829.0,58.0,0.799963218,0.8
2015-02-07,Quarter1,Saturday,6,18.79,0.7878787878787878,34,0.0,813.0,33.0,0.750520115,0.75
2015-02-07,Quarter1,Saturday,11,10.05,2.0,45,0.0,677.0,27.0,0.750027778,0.75
2015-02-07,Quarter1,Saturday,7,24.26,2.0,0,270.0,658.0,58.0,0.662270115,0.7
2015-02-07,Quarter1,Saturday,4,30.1,1.9824561403508771,30,0.0,486.0,57.0,0.600224189,0.6
2015-02-07,Quarter1,Saturday,5,30.1,2.1186440677966103,0,0.0,687.0,59.0,0.545657673,0.7
2015-02-07,Quarter1,Saturday,8,24.26,2.0,0,300.0,652.0,57.0,0.365318713,0.7
2015-02-08,Quarter2,Sunday,2,22.52,2.0,113,0.0,1233.0,57.5,1.000018551,0.8
2015-02-08,Quarter2,Sunday,10,22.52,2.0,88,0.0,1388.0,56.0,0.9008,0.8
2015-02-08,Quarter2,Sunday,1,22.52,2.0,88,0.0,1615.0,56.5,0.900135693,0.8
2015-02-08,Quarter2,Sunday,3,22.52,2.0,88,0.0,1283.0,56.0,0.900129762,0.8
2015-02-08,Quarter2,Sunday,12,15.26,1.411764705882353,63,0.0,1026.0,34.0,0.800355208,0.8
2015-02-08,Quarter2,Sunday,9,29.12,2.0,50,0.0,909.0,58.0,0.799963218,0.8
2015-02-08,Quarter2,Sunday,6,18.79,2.0,34,0.0,670.0,33.0,0.75065101,0.75
2015-02-08,Quarter2,Sunday,11,10.05,2.0,45,0.0,629.0,27.0,0.750027778,0.75
2015-02-08,Quarter2,Sunday,5,30.1,2.0,0,0.0,754.0,58.5,0.700618234,0.7
2015-02-08,Quarter2,Sunday,4,30.1,2.0,44,0.0,712.0,56.5,0.568259587,0.65
2015-02-08,Quarter2,Sunday,7,24.26,2.0,0,0.0,148.0,58.0,0.355534483,0.7
2015-02-08,Quarter2,Sunday,8,24.26,2.0,0,0.0,154.0,57.0,0.353259649,0.7
2015-02-09,Quarter2,Monday,10,22.52,0.03571428571428571,88,0.0,1127.0,56.0,0.9008,0.8
2015-02-09,Quarter2,Monday,1,22.52,1.0526315789473684,70,0.0,1506.0,57.0,0.900509044,0.8
2015-02-09,Quarter2,Monday,2,22.52,0.10526315789473684,70,0.0,1413.0,57.0,0.900477825,0.8
2015-02-09,Quarter2,Monday,12,15.26,2.0,63,0.0,970.0,34.0,0.800401961,0.8
2015-02-09,Quarter2,Monday,3,22.52,1.5789473684210527,50,0.0,1271.0,57.0,0.800161172,0.8
2015-02-09,Quarter2,Monday,9,29.12,2.0,50,0.0,1073.0,58.0,0.799963218,0.8
2015-02-09,Quarter2,Monday,4,30.1,0.9649122807017544,50,0.0,767.0,57.0,0.790003236,0.7
2015-02-09,Quarter2,Monday,11,10.05,0.0,45,0.0,103.0,54.0,0.750648148,0.75
2015-02-09,Quarter2,Monday,5,30.1,2.0172413793103448,40,0.0,773.0,58.0,0.700618234,0.7
2015-02-09,Quarter2,Monday,6,18.79,2.0,0,0.0,708.0,34.0,0.612517157,0.75
2015-02-09,Quarter2,Monday,7,30.1,2.0,0,0.0,842.0,58.0,0.350301724,0.35
2015-02-09,Quarter2,Monday,8,30.1,2.0,0,0.0,901.0,58.0,0.350301724,0.35
2015-02-10,Quarter2,Tuesday,10,22.52,0.0,88,0.0,1268.0,56.0,0.90063244,0.8
2015-02-10,Quarter2,Tuesday,1,22.52,0.0,88,0.0,1546.0,57.0,0.90047076,0.8
2015-02-10,Quarter2,Tuesday,3,22.52,0.0,88,0.0,813.0,57.0,0.90047076,0.8
2015-02-10,Quarter2,Tuesday,2,22.52,0.0,88,0.0,1512.0,57.0,0.899984058,0.8
2015-02-10,Quarter2,Tuesday,9,29.12,0.6206896551724138,38,0.0,1263.0,58.0,0.8008,0.8
2015-02-10,Quarter2,Tuesday,12,15.26,2.0,50,0.0,900.0,34.0,0.800401961,0.8
2015-02-10,Quarter2,Tuesday,6,18.79,1.1764705882352942,0,0.0,640.0,34.0,0.750797009,0.75
2015-02-10,Quarter2,Tuesday,11,10.05,1.0,34,0.0,13.0,54.0,0.750648148,0.8
2015-02-10,Quarter2,Tuesday,5,30.1,2.0172413793103448,45,0.0,855.0,58.0,0.750356125,0.75
2015-02-10,Quarter2,Tuesday,4,30.1,2.0172413793103448,40,0.0,855.0,58.0,0.700618234,0.7
2015-02-10,Quarter2,Tuesday,7,30.1,2.0,23,0.0,1025.0,58.0,0.500801724,0.5
2015-02-10,Quarter2,Tuesday,8,30.1,2.0,30,0.0,1061.0,58.0,0.393548851,0.5
2015-02-11,Quarter2,Wednesday,2,22.52,0.0,90,0.0,1557.0,57.5,1.000344928,0.8
2015-02-11,Quarter2,Wednesday,1,22.52,0.0,113,0.0,1498.0,57.0,1.000065789,0.8
2015-02-11,Quarter2,Wednesday,10,22.52,0.0,75,0.0,598.0,56.0,0.850364583,0.8
2015-02-11,Quarter2,Wednesday,6,18.79,1.7058823529411764,38,0.0,656.0,34.0,0.800947475,0.8
2015-02-11,Quarter2,Wednesday,12,15.26,2.0,50,0.0,854.0,34.0,0.800401961,0.8
2015-02-11,Quarter2,Wednesday,9,29.12,0.9310344827586207,50,0.0,609.0,58.0,0.800144144,0.8
2015-02-11,Quarter2,Wednesday,5,30.1,2.0672268907563027,56,0.0,788.0,59.5,0.750406233,0.75
2015-02-11,Quarter2,Wednesday,8,30.1,1.3103448275862069,30,0.0,1069.0,58.0,0.714410494,0.6
2015-02-11,Quarter2,Wednesday,4,30.1,1.6638655462184875,40,0.0,667.0,59.5,0.700588406,0.7
2015-02-11,Quarter2,Wednesday,7,30.1,0.9655172413793104,23,0.0,829.0,58.0,0.600070513,0.6
2015-02-11,Quarter2,Wednesday,3,22.52,2.0,0,0.0,11.0,57.0,0.536901754,0.8
2015-02-11,Quarter2,Wednesday,11,11.41,1.0384615384615385,0,0.0,434.0,52.0,0.507903226,0.35
2015-02-12,Quarter2,Thursday,1,22.52,0.0,138,0.0,1397.0,57.0,1.100483918,0.8
2015-02-12,Quarter2,Thursday,2,22.52,0.0,113,0.0,1327.0,57.5,1.000344928,0.8
2015-02-12,Quarter2,Thursday,12,15.26,2.0,50,0.0,894.0,34.0,0.800401961,0.8
2015-02-12,Quarter2,Thursday,5,30.1,2.0,56,0.0,610.0,59.0,0.750799435,0.75
2015-02-12,Quarter2,Thursday,6,18.79,2.0,0,0.0,779.0,33.0,0.688017677,0.8
2015-02-12,Quarter2,Thursday,4,30.1,2.0,0,0.0,419.0,59.0,0.637711864,0.7
2015-02-12,Quarter2,Thursday,7,30.1,2.0,0,0.0,909.0,59.0,0.535677966,0.65
2015-02-12,Quarter2,Thursday,11,11.41,0.6909090909090909,0,0.0,1039.0,55.0,0.50012336,0.5
2015-02-12,Quarter2,Thursday,9,29.12,2.0,0,0.0,14.0,58.0,0.497885057,0.8
2015-02-12,Quarter2,Thursday,8,30.1,2.0,0,0.0,1193.0,59.0,0.463403955,0.65
2015-02-12,Quarter2,Thursday,10,22.52,2.0,0,0.0,10.0,50.0,0.441392,0.8
2015-02-12,Quarter2,Thursday,3,30.1,2.0,0,0.0,770.0,58.0,0.350301724,0.35
2015-02-14,Quarter2,Saturday,1,22.52,2.0,113,0.0,1416.0,57.0,1.000230409,0.8
2015-02-14,Quarter2,Saturday,12,15.26,2.0,63,0.0,942.0,34.0,0.800401961,0.8
2015-02-14,Quarter2,Saturday,2,22.52,1.0701754385964912,63,0.0,674.0,57.0,0.80037492,0.8
2015-02-14,Quarter2,Saturday,4,30.1,2.016949152542373,0,0.0,481.0,59.0,0.750392157,0.75
2015-02-14,Quarter2,Saturday,5,30.1,2.016949152542373,56,0.0,664.0,59.0,0.750392157,0.75
2015-02-14,Quarter2,Saturday,8,30.1,1.4333333333333333,0,0.0,824.0,60.0,0.700206125,0.7
2015-02-14,Quarter2,Saturday,7,30.1,2.0,0,0.0,957.0,60.0,0.602,0.7
2015-02-14,Quarter2,Saturday,11,11.41,0.6909090909090909,23,0.0,1039.0,55.0,0.600447507,0.6
2015-02-14,Quarter2,Saturday,6,18.79,2.0,0,0.0,822.0,34.0,0.557252451,0.8
2015-02-14,Quarter2,Saturday,3,30.1,2.0,30,0.0,1261.0,58.0,0.500801724,0.5
2015-02-15,Quarter3,Sunday,1,22.52,2.0,113,0.0,1420.0,57.0,1.000230409,0.8
2015-02-15,Quarter3,Sunday,12,15.26,0.7058823529411765,50,0.0,1120.0,34.0,0.800806306,0.8
2015-02-15,Quarter3,Sunday,5,30.1,2.0,0,0.0,679.0,59.5,0.722568627,0.8
2015-02-15,Quarter3,Sunday,7,30.1,2.0,0,0.0,881.0,59.0,0.700632768,0.7
2015-02-15,Quarter3,Sunday,8,30.1,1.6610169491525424,40,2.0,507.0,59.0,0.700573099,0.7
2015-02-15,Quarter3,Sunday,6,18.79,2.0,0,0.0,814.0,34.0,0.681598039,0.75
2015-02-15,Quarter3,Sunday,11,11.41,0.8301886792452831,23,0.0,700.0,53.0,0.650223718,0.65
2015-02-15,Quarter3,Sunday,4,30.1,2.0,0,0.0,919.0,59.5,0.598627451,0.75
2015-02-15,Quarter3,Sunday,3,30.1,2.0,30,0.0,1361.0,58.0,0.475718391,0.6
2015-02-15,Quarter3,Sunday,2,22.52,2.0,0,0.0,12.0,57.5,0.432122899,0.8
2015-02-15,Quarter3,Sunday,9,18.79,1.6296296296296295,0,0.0,1688.0,54.0,0.283054487,0.5
2015-02-16,Quarter3,Monday,1,22.52,2.0,113,0.0,1422.0,57.0,1.000230409,0.8
2015-02-16,Quarter3,Monday,3,30.1,0.1724137931034483,63,0.0,1263.0,58.0,0.802243319,0.65
2015-02-16,Quarter3,Monday,5,30.1,0.0,0,0.0,461.0,59.0,0.800980392,0.8
2015-02-16,Quarter3,Monday,12,15.26,1.8235294117647058,38,0.0,1079.0,34.0,0.800312375,0.8
2015-02-16,Quarter3,Monday,6,18.79,2.0,0,0.0,895.0,33.0,0.75065101,0.75
2015-02-16,Quarter3,Monday,4,30.1,2.0172413793103448,0,0.0,912.0,58.0,0.750356125,0.75
2015-02-16,Quarter3,Monday,7,30.1,0.1694915254237288,30,0.0,784.0,59.0,0.700459889,0.7
2015-02-16,Quarter3,Monday,8,30.1,2.0,27,2.0,7.0,59.0,0.621971751,0.7
2015-02-16,Quarter3,Monday,11,11.41,0.6666666666666666,30,0.0,680.0,54.0,0.565972222,0.7
2015-02-16,Quarter3,Monday,10,18.22,2.0,0,0.0,1131.0,44.0,0.35542803,0.6
2015-02-16,Quarter3,Monday,9,18.79,1.6666666666666667,0,0.0,2103.0,54.0,0.329964879,0.6
2015-02-17,Quarter3,Tuesday,1,22.52,2.0,113,0.0,1445.0,57.0,1.000230409,0.8
2015-02-17,Quarter3,Tuesday,12,15.26,2.0,38,0.0,1133.0,34.0,0.800401961,0.8
2015-02-17,Quarter3,Tuesday,6,18.79,1.696969696969697,0,0.0,726.0,33.0,0.750621354,0.75
2015-02-17,Quarter3,Tuesday,4,30.1,2.0172413793103448,45,0.0,849.0,58.0,0.750356125,0.75
2015-02-17,Quarter3,Tuesday,7,30.1,0.23728813559322035,30,0.0,562.0,59.0,0.700888203,0.7
2015-02-17,Quarter3,Tuesday,11,11.41,1.0178571428571428,30,0.0,1054.0,56.0,0.700614035,0.7
2015-02-17,Quarter3,Tuesday,3,30.1,2.0,50,0.0,1422.0,58.0,0.700603448,0.7
2015-02-17,Quarter3,Tuesday,5,30.1,2.016949152542373,0,0.0,680.0,59.0,0.653431373,0.8
2015-02-17,Quarter3,Tuesday,9,18.79,1.803921568627451,0,0.0,2120.0,51.0,0.650134,0.65
2015-02-17,Quarter3,Tuesday,8,29.4,0.0,23,5.0,179.0,58.0,0.600982906,0.6
2015-02-17,Quarter3,Tuesday,2,30.33,2.0,0,0.0,838.0,56.0,0.361071429,0.5
2015-02-17,Quarter3,Tuesday,10,18.22,0.0,0,8.0,741.0,49.0,0.302117347,0.65
2015-02-18,Quarter3,Wednesday,11,11.41,1.0,30,0.0,685.0,56.0,0.8211125,0.7
2015-02-18,Quarter3,Wednesday,4,30.1,0.13793103448275862,50,0.0,864.0,58.0,0.800980392,0.8
2015-02-18,Quarter3,Wednesday,5,30.1,0.0,0,0.0,511.0,59.0,0.800980392,0.8
2015-02-18,Quarter3,Wednesday,12,15.26,2.0,63,0.0,1095.0,34.0,0.800401961,0.8
2015-02-18,Quarter3,Wednesday,1,22.52,1.1578947368421053,63,0.0,1374.0,57.0,0.800279693,0.8
2015-02-18,Quarter3,Wednesday,6,18.79,2.0,34,0.0,759.0,33.0,0.75065101,0.75
2015-02-18,Quarter3,Wednesday,7,30.1,0.6440677966101694,45,0.0,553.0,59.0,0.75053268,0.75
2015-02-18,Quarter3,Wednesday,3,30.1,0.0,40,0.0,1057.0,58.0,0.700603448,0.7
2015-02-18,Quarter3,Wednesday,9,18.79,1.4901960784313726,30,0.0,1587.0,51.0,0.70009573,0.7
2015-02-18,Quarter3,Wednesday,2,30.33,2.0,0,0.0,868.0,57.0,0.328131579,0.6
2015-02-18,Quarter3,Wednesday,10,19.68,2.0,0,8.0,1119.0,47.0,0.303574468,0.7
2015-02-18,Quarter3,Wednesday,8,29.4,1.3333333333333333,0,4.5,962.0,57.0,0.251399254,0.65
2015-02-19,Quarter3,Thursday,12,15.26,0.5294117647058824,38,0.0,1126.0,34.0,0.800711494,0.8
2015-02-19,Quarter3,Thursday,1,22.52,1.1228070175438596,63,0.0,265.0,57.0,0.800470513,0.8
2015-02-19,Quarter3,Thursday,4,30.1,2.0,63,0.0,859.0,58.5,0.800094017,0.8
2015-02-19,Quarter3,Thursday,5,30.1,0.16806722689075632,63,3.5,276.0,59.5,0.799982853,0.8
2015-02-19,Quarter3,Thursday,6,18.79,2.0,56,0.0,899.0,33.0,0.75065101,0.75
2015-02-19,Quarter3,Thursday,3,30.1,2.0,50,0.0,247.0,58.0,0.700603448,0.7
2015-02-19,Quarter3,Thursday,11,11.41,1.0,30,0.0,653.0,58.0,0.700540441,0.7
2015-02-19,Quarter3,Thursday,8,29.4,1.8245614035087718,0,0.0,1116.0,57.0,0.7,0.7
2015-02-19,Quarter3,Thursday,9,18.79,2.0,30,0.0,1603.0,51.0,0.638614379,0.7
2015-02-19,Quarter3,Thursday,7,30.1,0.0,0,5.0,444.0,59.0,0.611140537,0.75
2015-02-19,Quarter3,Thursday,2,30.33,2.0,0,0.0,841.0,57.0,0.585315789,0.65
2015-02-19,Quarter3,Thursday,10,19.68,2.0,0,0.0,1410.0,48.0,0.249416667,0.7
2015-02-22,Quarter4,Sunday,12,15.26,2.0,63,0.0,1103.0,34.0,0.800401961,0.8
2015-02-22,Quarter4,Sunday,4,30.1,1.6440677966101696,63,0.0,922.0,59.0,0.80000295,0.8
2015-02-22,Quarter4,Sunday,6,18.79,2.0,45,0.0,1055.0,33.0,0.75065101,0.75
2015-02-22,Quarter4,Sunday,8,29.4,2.0,40,0.0,1146.0,57.0,0.700614035,0.7
2015-02-22,Quarter4,Sunday,2,30.33,2.0,0,0.0,746.0,57.0,0.700605263,0.7
2015-02-22,Quarter4,Sunday,11,11.41,1.0,0,0.0,834.0,58.0,0.672140805,0.75
2015-02-22,Quarter4,Sunday,9,18.79,0.9473684210526315,30,0.0,1717.0,57.0,0.627011183,0.7
2015-02-22,Quarter4,Sunday,3,30.1,2.3448275862068964,33,0.0,1041.0,58.0,0.626577778,0.7
2015-02-22,Quarter4,Sunday,10,21.25,2.0,0,0.0,1531.0,50.0,0.456875,0.7
2015-02-22,Quarter4,Sunday,7,30.1,2.0,0,3.5,627.0,58.0,0.393548851,0.75
2015-02-22,Quarter4,Sunday,5,30.1,1.5833333333333333,0,4.5,450.0,60.0,0.307501459,0.8
2015-02-23,Quarter4,Monday,12,15.26,2.0,63,0.0,1060.0,34.0,0.800401961,0.8
2015-02-23,Quarter4,Monday,4,30.1,2.016949152542373,38,0.0,891.0,59.0,0.800137255,0.8
2015-02-23,Quarter4,Monday,5,30.1,2.016949152542373,38,0.0,541.0,59.0,0.800137255,0.8
2015-02-23,Quarter4,Monday,7,30.1,2.0,45,0.0,709.0,58.0,0.750770115,0.75
2015-02-23,Quarter4,Monday,6,18.79,2.0,45,0.0,1100.0,33.0,0.75065101,0.75
2015-02-23,Quarter4,Monday,11,11.41,0.8103448275862069,0,0.0,826.0,58.0,0.750293939,0.75
2015-02-23,Quarter4,Monday,2,30.33,0.6206896551724138,30,0.0,577.0,58.0,0.700623,0.7
2015-02-23,Quarter4,Monday,8,29.4,2.0,40,0.0,1094.0,57.0,0.700614035,0.7
2015-02-23,Quarter4,Monday,3,29.4,2.0,30,0.0,1228.0,58.0,0.700362069,0.7
2015-02-23,Quarter4,Monday,9,18.79,2.0,40,0.0,1641.0,50.0,0.60128,0.7
2015-02-23,Quarter4,Monday,10,21.25,2.0,0,0.0,1583.0,50.0,0.417916667,0.7
2015-02-24,Quarter4,Tuesday,12,15.26,2.0,50,0.0,1062.0,34.0,0.800401961,0.8
2015-02-24,Quarter4,Tuesday,5,30.1,1.9833333333333334,50,0.0,450.0,60.0,0.800137255,0.8
2015-02-24,Quarter4,Tuesday,4,30.1,1.8305084745762712,50,0.0,901.0,59.0,0.800071839,0.8
2015-02-24,Quarter4,Tuesday,7,30.1,1.5932203389830508,45,0.0,739.0,59.0,0.750727326,0.75
2015-02-24,Quarter4,Tuesday,6,18.79,1.696969696969697,45,0.0,913.0,33.0,0.75065101,0.75
2015-02-24,Quarter4,Tuesday,11,11.61,0.9824561403508771,34,0.0,698.0,57.0,0.750437269,0.75
2015-02-24,Quarter4,Tuesday,3,29.4,1.4833333333333334,45,0.0,1172.0,60.0,0.750176991,0.75
2015-02-24,Quarter4,Tuesday,2,30.33,0.4745762711864407,30,0.0,408.0,59.0,0.700623,0.7
2015-02-24,Quarter4,Tuesday,8,29.4,1.3103448275862069,40,0.0,1079.0,58.0,0.700518519,0.7
2015-02-24,Quarter4,Tuesday,9,18.79,0.9615384615384616,30,0.0,1068.0,52.0,0.700256795,0.7
2015-02-24,Quarter4,Tuesday,10,21.25,2.0,0,0.0,1834.0,53.0,0.471108491,0.7
2015-02-24,Quarter4,Tuesday,1,22.53,2.0,0,0.0,708.0,42.0,0.268214286,0.6
2015-02-25,Quarter4,Wednesday,9,18.79,2.0,56,0.0,1085.0,52.0,0.970816667,0.75
2015-02-25,Quarter4,Wednesday,4,30.1,1.152542372881356,50,0.0,323.0,59.0,0.800808642,0.8
2015-02-25,Quarter4,Wednesday,12,15.26,2.0,50,0.0,1053.0,34.0,0.800401961,0.8
2015-02-25,Quarter4,Wednesday,7,30.1,2.0,50,0.0,786.0,59.0,0.800115819,0.8
2015-02-25,Quarter4,Wednesday,6,18.79,2.0,45,0.0,1003.0,33.0,0.75065101,0.75
2015-02-25,Quarter4,Wednesday,11,11.61,0.9824561403508771,45,0.0,635.0,57.0,0.750503571,0.75
2015-02-25,Quarter4,Wednesday,3,29.4,2.0,45,0.0,1283.0,58.0,0.750206897,0.75
2015-02-25,Quarter4,Wednesday,8,29.4,2.0,30,0.0,847.0,58.0,0.700362069,0.7
2015-02-25,Quarter4,Wednesday,2,30.33,1.1379310344827587,30,0.0,361.0,58.0,0.700069811,0.7
2015-02-25,Quarter4,Wednesday,10,21.82,2.0,0,0.0,1653.0,52.0,0.700058333,0.7
2015-02-25,Quarter4,Wednesday,5,30.1,0.3389830508474576,49,0.0,15.0,59.0,0.598792339,0.8
2015-02-25,Quarter4,Wednesday,1,22.53,2.0,0,0.0,762.0,42.0,0.581130952,0.65
2015-02-26,Quarter4,Thursday,7,30.1,1.152542372881356,50,0.0,694.0,59.0,0.800808642,0.8
2015-02-26,Quarter4,Thursday,11,11.61,0.8245614035087719,50,0.0,816.0,57.0,0.800516667,0.8
2015-02-26,Quarter4,Thursday,12,15.26,2.0,63,0.0,1065.0,34.0,0.800401961,0.8
2015-02-26,Quarter4,Thursday,6,18.79,2.0,45,0.0,912.0,33.0,0.75065101,0.75
2015-02-26,Quarter4,Thursday,3,29.4,2.0,45,0.0,1244.0,57.0,0.750473684,0.75
2015-02-26,Quarter4,Thursday,9,18.79,1.8076923076923077,45,0.0,1020.0,52.0,0.750371895,0.75
2015-02-26,Quarter4,Thursday,8,29.4,2.0,56,0.0,916.0,58.0,0.750206897,0.75
2015-02-26,Quarter4,Thursday,10,21.82,1.0384615384615385,0,0.0,1591.0,52.0,0.700251773,0.7
2015-02-26,Quarter4,Thursday,2,30.33,2.0,0,0.0,398.0,58.0,0.66237931,0.7
2015-02-26,Quarter4,Thursday,4,30.1,2.0,32,0.0,437.0,59.0,0.495617514,0.8
2015-02-26,Quarter4,Thursday,5,27.48,2.0,38,0.0,413.0,57.0,0.449964912,0.35
2015-02-26,Quarter4,Thursday,1,26.66,2.0,23,0.0,1164.0,55.0,0.378895152,0.35
2015-02-28,Quarter4,Saturday,11,11.61,0.0,50,0.0,954.0,58.0,0.800779018,0.8
2015-02-28,Quarter4,Saturday,12,15.26,0.8333333333333333,62,0.0,1194.0,34.0,0.800260821,0.8
2015-02-28,Quarter4,Saturday,7,30.1,0.23728813559322035,38,0.0,644.0,59.0,0.799982853,0.8
2015-02-28,Quarter4,Saturday,3,29.4,1.2982456140350878,45,0.0,1144.0,57.0,0.750716981,0.75
2015-02-28,Quarter4,Saturday,6,18.79,2.0,45,0.0,1012.0,33.0,0.75065101,0.75
2015-02-28,Quarter4,Saturday,8,29.4,1.3103448275862069,56,0.0,792.0,58.0,0.750425926,0.75
2015-02-28,Quarter4,Saturday,9,18.79,2.0,45,0.0,841.0,52.0,0.750395513,0.75
2015-02-28,Quarter4,Saturday,10,21.82,2.0,40,0.0,1448.0,51.0,0.700236601,0.7
2015-02-28,Quarter4,Saturday,2,30.33,1.3103448275862069,0,0.0,512.0,58.0,0.700211111,0.7
2015-02-28,Quarter4,Saturday,5,27.48,2.0,30,0.0,609.0,57.0,0.550403509,0.5
2015-02-28,Quarter4,Saturday,1,26.66,2.0,30,0.0,1448.0,57.0,0.550349708,0.5
2015-02-28,Quarter4,Saturday,4,26.66,2.0,23,0.0,556.0,58.0,0.500258046,0.5
2015-03-01,Quarter1,Sunday,12,15.26,2.0,63,0.0,1106.0,34.0,0.800401961,0.8
2015-03-01,Quarter1,Sunday,8,29.4,1.8245614035087718,56,0.0,622.0,57.0,0.75075,0.75
2015-03-01,Quarter1,Sunday,6,18.79,2.0,45,0.0,1193.0,33.0,0.75065101,0.75
2015-03-01,Quarter1,Sunday,3,29.4,2.0,45,0.0,1143.0,57.0,0.750473684,0.75
2015-03-01,Quarter1,Sunday,9,18.79,2.0,34,0.0,895.0,52.0,0.750395513,0.75
2015-03-01,Quarter1,Sunday,5,27.48,2.0,38,0.0,549.0,56.0,0.707446429,0.6
2015-03-01,Quarter1,Sunday,10,21.82,1.8076923076923077,30,0.0,1393.0,52.0,0.700236601,0.7
2015-03-01,Quarter1,Sunday,1,26.66,2.0,38,0.0,1578.0,57.0,0.700019883,0.6
2015-03-01,Quarter1,Sunday,2,30.33,0.5172413793103449,0,0.0,254.0,58.0,0.683550607,0.7
2015-03-01,Quarter1,Sunday,11,11.61,0.0,50,4.0,347.0,57.0,0.682433036,0.8
2015-03-01,Quarter1,Sunday,4,26.66,2.0,23,0.0,692.0,57.0,0.600239766,0.6
2015-03-01,Quarter1,Sunday,7,30.1,2.0,0,3.5,934.0,58.0,0.579511494,0.8
2015-03-02,Quarter1,Monday,1,26.66,2.0,65,0.0,1527.0,57.0,0.800579532,0.65
2015-03-02,Quarter1,Monday,12,15.26,2.0,63,0.0,1035.0,34.0,0.800401961,0.8
2015-03-02,Quarter1,Monday,11,11.61,0.0,50,0.0,632.0,57.0,0.800309211,0.8
2015-03-02,Quarter1,Monday,3,29.4,1.368421052631579,50,0.0,1231.0,57.0,0.800149813,0.8
2015-03-02,Quarter1,Monday,7,30.1,2.0,0,0.0,616.0,59.0,0.800115819,0.8
2015-03-02,Quarter1,Monday,6,18.79,1.4545454545454546,34,0.0,947.0,33.0,0.750797009,0.75
2015-03-02,Quarter1,Monday,8,29.4,2.0,45,0.0,551.0,57.0,0.750473684,0.75
2015-03-02,Quarter1,Monday,9,18.79,2.0,45,0.0,935.0,52.0,0.750395513,0.75
2015-03-02,Quarter1,Monday,4,26.66,1.9824561403508771,55,0.0,832.0,57.0,0.750254867,0.65
2015-03-02,Quarter1,Monday,5,27.48,2.0,34,0.0,544.0,56.0,0.700903571,0.65
2015-03-02,Quarter1,Monday,10,21.82,1.1764705882352942,30,0.0,1511.0,51.0,0.70013604,0.7
2015-03-03,Quarter1,Tuesday,11,11.41,0.0,50,0.0,601.0,56.0,0.800701754,0.8
2015-03-03,Quarter1,Tuesday,1,26.66,2.0,60,0.0,1562.0,58.0,0.800566092,0.7
2015-03-03,Quarter1,Tuesday,12,15.26,2.0,50,0.0,983.0,34.0,0.800401961,0.8
2015-03-03,Quarter1,Tuesday,3,29.4,2.0,50,0.0,1156.0,57.0,0.800333333,0.8
2015-03-03,Quarter1,Tuesday,7,30.1,2.0,50,0.0,29.0,59.0,0.800115819,0.8
2015-03-03,Quarter1,Tuesday,4,26.66,2.0,50,0.0,950.0,58.0,0.750770115,0.7
2015-03-03,Quarter1,Tuesday,8,29.4,2.0,56,0.0,534.0,57.0,0.750473684,0.75
2015-03-03,Quarter1,Tuesday,9,18.79,2.0,34,0.0,1096.0,52.0,0.750395513,0.75
2015-03-03,Quarter1,Tuesday,6,20.2,1.5757575757575757,45,0.0,402.0,33.0,0.750212553,0.75
2015-03-03,Quarter1,Tuesday,5,27.48,2.0,30,0.0,573.0,57.0,0.700659649,0.7
2015-03-03,Quarter1,Tuesday,10,21.82,1.6470588235294117,30,0.0,1313.0,51.0,0.699984417,0.7
2015-03-03,Quarter1,Tuesday,2,15.28,2.0,0,6.5,157.0,45.0,0.30277037,0.4
2015-03-04,Quarter1,Wednesday,11,11.41,0.0,38,0.0,433.0,56.0,0.800701754,0.8
2015-03-04,Quarter1,Wednesday,12,15.26,2.0,50,0.0,961.0,34.0,0.800401961,0.8
2015-03-04,Quarter1,Wednesday,3,29.4,2.0,63,0.0,1169.0,57.0,0.800333333,0.8
2015-03-04,Quarter1,Wednesday,7,30.1,1.11864406779661,50,0.0,874.0,59.0,0.800055762,0.8
2015-03-04,Quarter1,Wednesday,4,26.82,2.0,60,0.0,1028.0,58.0,0.799975862,0.7
2015-03-04,Quarter1,Wednesday,1,26.82,2.0,50,0.0,1772.0,58.0,0.750651724,0.7
2015-03-04,Quarter1,Wednesday,9,18.79,2.0,34,0.0,1206.0,52.0,0.750395513,0.75
2015-03-04,Quarter1,Wednesday,5,27.48,2.0,40,0.0,586.0,58.0,0.700424138,0.7
2015-03-04,Quarter1,Wednesday,10,21.82,1.8113207547169812,30,0.0,1334.0,53.0,0.700058333,0.7
2015-03-04,Quarter1,Wednesday,8,29.4,2.0,0,0.0,30.0,57.0,0.433263158,0.8
2015-03-04,Quarter1,Wednesday,2,15.28,2.0,0,0.0,261.0,46.0,0.404144928,0.5
2015-03-04,Quarter1,Wednesday,6,18.79,2.0,0,0.0,52.0,33.0,0.332146465,0.75
2015-03-05,Quarter1,Thursday,11,11.41,1.0178571428571428,50,0.0,455.0,56.0,0.800701754,0.8
2015-03-05,Quarter1,Thursday,3,29.4,0.5263157894736842,63,0.0,797.0,57.0,0.800534979,0.8
2015-03-05,Quarter1,Thursday,12,15.26,2.0,50,0.0,959.0,34.0,0.800401961,0.8
2015-03-05,Quarter1,Thursday,1,26.82,2.0,50,0.0,1373.0,58.0,0.750651724,0.7
2015-03-05,Quarter1,Thursday,9,18.79,2.0,45,0.0,1228.0,52.0,0.750395513,0.75
2015-03-05,Quarter1,Thursday,4,26.82,2.0,50,0.0,1117.0,59.0,0.750050847,0.7
2015-03-05,Quarter1,Thursday,5,27.48,2.0,40,0.0,230.0,58.0,0.700424138,0.7
2015-03-05,Quarter1,Thursday,10,21.82,2.0,30,0.0,1390.0,50.0,0.700422,0.7
2015-03-05,Quarter1,Thursday,2,15.28,0.4782608695652174,0,0.0,529.0,46.0,0.600099145,0.6
2015-03-05,Quarter1,Thursday,7,30.1,0.3389830508474576,0,4.0,834.0,59.0,0.366053523,0.8
2015-03-05,Quarter1,Thursday,6,22.53,1.1282051282051282,0,0.0,1450.0,39.0,0.26369382,0.35
2015-03-07,Quarter1,Saturday,12,15.26,2.0,75,0.0,986.0,34.0,0.850520588,0.8
2015-03-07,Quarter1,Saturday,1,26.82,2.3448275862068964,70,0.0,1267.0,58.0,0.850045,0.7
2015-03-07,Quarter1,Saturday,4,26.82,2.0,60,0.0,1195.0,58.0,0.800746552,0.7
2015-03-07,Quarter1,Saturday,3,29.4,2.0,63,0.0,983.0,57.0,0.800578947,0.8
2015-03-07,Quarter1,Saturday,11,11.41,0.9827586206896551,50,0.0,471.0,58.0,0.800034503,0.8
2015-03-07,Quarter1,Saturday,9,18.79,1.1372549019607843,45,0.0,1226.0,51.0,0.749987124,0.75
2015-03-07,Quarter1,Saturday,10,21.82,2.0,30,0.0,1251.0,50.0,0.700422,0.7
2015-03-07,Quarter1,Saturday,2,16.1,1.5555555555555556,0,0.0,626.0,45.0,0.65024031,0.65
2015-03-07,Quarter1,Saturday,6,23.41,0.9743589743589743,0,0.0,1379.0,39.0,0.500528095,0.5
2015-03-07,Quarter1,Saturday,5,27.48,2.0,24,0.0,541.0,58.0,0.408960345,0.7
2015-03-08,Quarter2,Sunday,4,26.82,2.0,65,0.0,1082.0,57.0,0.850084211,0.75
2015-03-08,Quarter2,Sunday,1,26.82,2.0,65,0.0,1254.0,58.0,0.85007069,0.75
2015-03-08,Quarter2,Sunday,3,30.1,0.9824561403508771,50,0.0,1278.0,57.0,0.800511068,0.8
2015-03-08,Quarter2,Sunday,12,15.26,2.0,63,0.0,1064.0,34.0,0.800401961,0.8
2015-03-08,Quarter2,Sunday,11,11.41,0.9827586206896551,50,0.0,313.0,58.0,0.800034503,0.8
2015-03-08,Quarter2,Sunday,9,18.79,1.8076923076923077,45,0.0,1239.0,52.0,0.750371895,0.75
2015-03-08,Quarter2,Sunday,10,21.82,2.0,30,0.0,1335.0,50.0,0.700422,0.7
2015-03-08,Quarter2,Sunday,2,16.1,1.7777777777777777,30,0.0,928.0,45.0,0.700106061,0.7
2015-03-08,Quarter2,Sunday,6,23.41,1.105263157894737,23,0.0,1266.0,38.0,0.601037091,0.6
2015-03-08,Quarter2,Sunday,8,30.48,2.0,0,0.0,869.0,56.0,0.600528571,0.6
2015-03-08,Quarter2,Sunday,5,26.82,2.0,23,0.0,711.0,59.0,0.500033898,0.5
2015-03-09,Quarter2,Monday,4,26.82,2.0172413793103448,65,0.0,1079.0,58.0,0.850446154,0.75
2015-03-09,Quarter2,Monday,1,26.82,2.016949152542373,65,0.0,1322.0,59.0,0.850426891,0.75
2015-03-09,Quarter2,Monday,3,30.1,1.4827586206896552,50,0.0,964.0,58.0,0.800842424,0.8
2015-03-09,Quarter2,Monday,12,15.26,2.0,63,0.0,1132.0,34.0,0.800401961,0.8
2015-03-09,Quarter2,Monday,11,11.41,0.9827586206896551,50,0.0,357.0,58.0,0.800034503,0.8
2015-03-09,Quarter2,Monday,9,18.79,2.0,45,0.0,1193.0,52.0,0.750395513,0.75
2015-03-09,Quarter2,Monday,2,16.1,2.0444444444444443,30,0.0,817.0,45.0,0.700516224,0.7
2015-03-09,Quarter2,Monday,10,21.82,2.0,30,0.0,1576.0,50.0,0.700422,0.7
2015-03-09,Quarter2,Monday,6,23.41,2.0,35,0.0,1262.0,38.0,0.650962281,0.65
2015-03-09,Quarter2,Monday,8,30.48,2.0,26,0.0,953.0,56.0,0.650421429,0.65
2015-03-09,Quarter2,Monday,5,26.82,2.0,23,0.0,919.0,59.0,0.600040678,0.6
2015-03-09,Quarter2,Monday,7,30.48,2.0,0,0.0,1161.0,55.0,0.500610909,0.5
2015-03-10,Quarter2,Tuesday,1,26.82,2.0,75,0.0,1574.0,59.0,0.900061017,0.75
2015-03-10,Quarter2,Tuesday,4,26.82,1.6610169491525424,65,0.0,1104.0,59.0,0.850084211,0.75
2015-03-10,Quarter2,Tuesday,12,15.26,2.0,63,0.0,1069.0,34.0,0.800401961,0.8
2015-03-10,Quarter2,Tuesday,3,30.1,2.0,63,0.0,756.0,58.0,0.800071839,0.8
2015-03-10,Quarter2,Tuesday,11,11.41,0.9827586206896551,50,0.0,338.0,58.0,0.800034503,0.8
2015-03-10,Quarter2,Tuesday,10,21.82,2.0,34,0.0,1499.0,50.0,0.750608,0.75
2015-03-10,Quarter2,Tuesday,9,18.79,2.0,45,0.0,1247.0,52.0,0.750395513,0.75
2015-03-10,Quarter2,Tuesday,8,30.48,2.0,30,0.0,923.0,57.0,0.700505263,0.7
2015-03-10,Quarter2,Tuesday,6,23.41,2.0,30,0.0,1180.0,38.0,0.700246491,0.7
2015-03-10,Quarter2,Tuesday,2,16.1,2.0,40,0.0,957.0,45.0,0.700051852,0.7
2015-03-10,Quarter2,Tuesday,5,26.82,2.0,26,0.0,1001.0,59.0,0.650044068,0.65
2015-03-10,Quarter2,Tuesday,7,30.48,2.0,25,0.0,1017.0,57.0,0.630402924,0.6
2015-03-11,Quarter2,Wednesday,12,15.26,2.0,63,0.0,470.0,34.0,0.800401961,0.8
2015-03-11,Quarter2,Wednesday,3,30.1,2.0,63,0.0,735.0,58.0,0.800071839,0.8
2015-03-11,Quarter2,Wednesday,11,11.41,0.9827586206896551,50,0.0,560.0,58.0,0.800034503,0.8
2015-03-11,Quarter2,Wednesday,10,21.82,2.0,34,0.0,1674.0,50.0,0.750608,0.75
2015-03-11,Quarter2,Wednesday,9,18.79,1.6153846153846154,45,0.0,290.0,52.0,0.750347333,0.75
2015-03-11,Quarter2,Wednesday,2,16.1,2.0,45,0.0,971.0,45.0,0.750140741,0.75
2015-03-11,Quarter2,Wednesday,1,26.82,2.0,45,0.0,1322.0,59.0,0.750050847,0.75
2015-03-11,Quarter2,Wednesday,4,26.82,2.0,45,0.0,1054.0,59.0,0.750050847,0.75
2015-03-11,Quarter2,Wednesday,5,26.82,2.0,30,0.0,992.0,58.0,0.700556897,0.7
2015-03-11,Quarter2,Wednesday,8,30.48,2.0,30,0.0,914.0,57.0,0.700505263,0.7
2015-03-11,Quarter2,Wednesday,6,23.41,2.0,40,0.0,1128.0,38.0,0.700246491,0.7
2015-03-11,Quarter2,Wednesday,7,30.48,2.0,26,0.0,935.0,57.0,0.650596491,0.65
